spot_id,S,D,B,x,y
AAACAAGTATCTCCCA-1,1,50,102,16265,19934
AAACACCAATAACTGC-1,1,59,19,18526,7893
AAACAGAGCGACTCCT-1,1,14,94,7178,18782
AAACAGCTTTCAGAAG-1,1,43,9,14487,6446
AAACAGGGTCTATATT-1,1,47,13,15497,7025
AAACCGGGTAGGTACC-1,1,42,28,14237,9202
AAACCGTTCGTCCAGG-1,1,52,42,16762,11230
AAACCTAAGCAGCCGG-1,1,65,83,20049,17175
AAACCTCATGAAGTTG-1,1,37,19,12973,7898
AAACGAGACGGTTGAT-1,1,35,79,12477,16601
AAACGGTTGCGAACTG-1,1,67,59,20551,13693
AAACTCGGTTCGCAAT-1,1,66,70,20300,15289
AAACTGCTGGCTCCAA-1,1,45,67,14999,14858
AAACTTGCAAACGTAT-1,1,45,19,14993,7896
AAAGACCCAAGTCGCG-1,1,10,48,6163,12110
AAAGACTGGGCGCTTT-1,1,29,15,10954,7319
AAAGGCTACGGACCAT-1,1,62,54,19288,12969
AAAGGGATGTAGCAAG-1,1,24,62,9698,14138
AAAGGGCAGCTTGAAT-1,1,24,26,9693,8916
AAAGTAGCATTGCTCA-1,1,51,27,16508,9055
AAAGTCACTGATGTAA-1,1,10,52,6163,12691
AAAGTCGACCCTCAGT-1,1,37,15,12973,7317
AAAGTGTGATTTATCT-1,1,44,94,14750,18775
AAAGTTGACTCCCGTA-1,1,42,96,14246,19066
AAATAACCATACGGGA-1,1,14,88,7177,17912
AAATACCTATAAGCAT-1,1,47,69,15504,15148
AAATCCGATACACGCC-1,1,65,87,20049,17755
AAATCGTGTACCACAA-1,1,44,56,14745,13263
AAATCTAGCCCTGCTA-1,1,53,101,17023,19788
AAATGCTCGTTACGTT-1,1,16,24,7674,8628
AAATGGCATGTCTTGT-1,1,13,69,6923,15156
AAATGGCCCGTGCCCT-1,1,49,17,16002,7605
AAATGGTCAATGTGCC-1,1,33,51,11968,12540
AAATTAACGGGTAGCT-1,1,34,58,12221,13555
AAATTACACGACTCTG-1,1,14,86,7177,17621
AAATTACCTATCGATG-1,1,26,94,10207,18779
AAATTGATAGTCCTTT-1,1,55,31,17518,9634
AAATTTGCGGGTGTGG-1,1,47,33,15499,9926
AACAACTGGTAGTTGC-1,1,28,42,10705,11236
AACAATACATTGTCGA-1,1,61,37,19033,10503
AACAATTACTCTACGC-1,1,29,25,10955,8770
AACACACGCTCGCCGC-1,1,51,93,16517,18628
AACACGACTGTACTGA-1,1,9,65,5912,14576
AACACGAGACGCGGCC-1,1,45,21,14993,8186
AACAGCTGTGTGGCAA-1,1,59,31,18528,9633
AACAGGAAATCGAATA-1,1,15,67,7427,14865
AACAGGATGGGCCGCG-1,1,29,31,10956,9640
AACAGGTAGTATGGAT-1,1,49,113,16015,21530
AACATATCAACTGGTG-1,1,27,99,10460,19504
AACATTGTGACTCGAG-1,1,64,52,19792,12678
AACCAAGACTTCTCTG-1,1,36,24,12722,8623
AACCATGGGATCGCTA-1,1,14,30,7170,9498
AACCCAGAGACGGAGA-1,1,15,39,7423,10804
AACCCGACAACCCGTG-1,1,67,43,20548,11372
AACCCTACTGTCAATA-1,1,40,96,13741,19066
AACCCTGGTGGAACCA-1,1,8,70,5661,15302
AACCGAGCTTGGTCAT-1,1,24,70,9699,15298
AACCGCTAAGGGATGC-1,1,46,92,15255,18485
AACCGTTGTGTTTGCT-1,1,12,64,6670,14431
AACCTCGCTTTAGCCC-1,1,62,82,19292,17030
AACCTTTAAATACGGT-1,1,54,68,17271,15001
AACCTTTACGACGTCT-1,1,16,92,7683,18491
AACGATAATGCCGTAG-1,1,53,73,17019,15727
AACGATAGAAGGGCCG-1,1,15,53,7425,12834
AACGATATGTCAACTG-1,1,24,76,9700,16169
AACGCATGATCTGGGT-1,1,20,104,8694,20231
AACGCGACCTTGGGCG-1,1,67,53,20550,12823
AACGCGGTCTCCAGCC-1,1,23,65,9446,14573
AACGCTGTTGCTGAAA-1,1,54,94,17274,18773
AACGGACGTACGTATA-1,1,50,92,16264,18484
AACGGCCATCTCCGGT-1,1,47,39,15500,10796
AACGTACTGTGGGTAC-1,1,48,42,15753,11231
AACGTCAGACTAGTGG-1,1,24,40,9695,10947
AACGTGATGAAGGACA-1,1,9,83,5915,17187
AACGTGCGAAAGTCTC-1,1,36,74,12728,15876
AACTACCCGTTTGTCA-1,1,47,113,15510,21530
AACTAGGCTTGGGTGT-1,1,55,61,17522,13986
AACTCAAGTTAATTGC-1,1,38,44,13229,11524
AACTCCAGAGCGTGTT-1,1,60,92,18788,18481
AACTCTCAATAGAGCG-1,1,35,93,12478,18632
AACTCTCAGTGTGCTC-1,1,53,41,17015,11085
AACTGATATTAGGCCT-1,1,16,66,7679,14720
AACTGGGTCCCGACGT-1,1,20,66,8689,14719
AACTTGCCCGTATGCA-1,1,29,27,10955,9060
AAGACCCAACTGAACA-1,1,60,54,18783,12969
AAGACTGCAAGCTACT-1,1,36,68,12728,15005
AAGAGATGAATCGGTA-1,1,27,27,10451,9060
AAGAGCTCTTTATCGG-1,1,35,77,12476,16311
AAGAGGATGTACGCGA-1,1,39,29,13480,9348
AAGAGGCATGGATCGC-1,1,36,80,12729,16746
AAGATTGGCGGAACGT-1,1,26,90,10206,18199
AAGCACCCTGCGTATC-1,1,59,73,18533,15726
AAGCATACTCTCCTGA-1,1,53,69,17018,15147
AAGCCGAAGCGGTTTA-1,1,49,107,16014,20660
AAGCGCAGGGCTTTGA-1,1,67,73,20552,15724
AAGCGTCCCTCATCGA-1,1,57,35,18023,10214
AAGCTAGATCGAGTAA-1,1,50,68,16261,15002
AAGCTCGTGCCAAGTC-1,1,35,73,12476,15731
AAGCTCTTTCATGGTG-1,1,57,81,18029,16886
AAGGAGCGGTTGGTGC-1,1,28,48,10706,12106
AAGGATCGATCGCTTG-1,1,39,109,13490,20952
AAGGATGAGGGACCTC-1,1,27,87,10458,17764
AAGGCGCGTAAAGCTT-1,1,24,38,9695,10657
AAGGCTGTGCTCATCG-1,1,30,46,11210,11816
AAGGGACAGATTCTGT-1,1,26,92,10207,18489
AAGGGACTATGCATTC-1,1,60,26,18779,8908
AAGGTATCCTAATATA-1,1,25,81,9953,16894
AAGGTGATAAACCAGC-1,1,44,92,14750,18485
AAGTAGAAGACCGGGT-1,1,19,47,8434,11963
AAGTAGTGACGCGAGG-1,1,33,31,11965,9639
AAGTCAATTGTCGTCA-1,1,45,101,15003,19790
AAGTGACGACCGAATT-1,1,41,25,13984,8767
AAGTGAGTCGGGTTTA-1,1,62,48,19287,12099
AAGTGCCTTGACTGTA-1,1,44,104,14751,20226
AAGTGCGTTAGAATCT-1,1,49,27,16003,9055
AAGTGTTTGGAGACGG-1,1,52,80,16767,16743
AAGTTCACTCCAAGCT-1,1,57,85,18030,17467
AAGTTCAGTCTGCGTA-1,1,18,104,8189,20232
AAGTTCGGCCAACAGG-1,1,46,34,15247,10071
AAGTTTATGGGCCCAA-1,1,68,70,20804,15288
AATAACAACGCTCGGC-1,1,36,30,12723,9493
AATAACACTAGAACAA-1,1,52,38,16762,10650
AATACCGGAGGGCTGT-1,1,67,37,20548,10502
AATAGAACAGAGTGGC-1,1,52,46,16763,11811
AATAGAATCTGTTTCA-1,1,48,86,15759,17614
AATATCAAGGTCGGAT-1,1,8,42,5657,11240
AATATCGAATCAATGC-1,1,49,109,16014,20950
AATATCGAGGGTTCTC-1,1,27,101,10460,19794
AATATTGGAGTATTGA-1,1,36,22,12721,8333
AATCATGTAAAGACTC-1,1,54,98,17275,19353
AATCCAAGGGCCTGAG-1,1,13,47,6920,11965
AATCGCCTCAGCGCCA-1,1,39,79,13486,16600
AATCGCGCAGAGGACT-1,1,42,114,14248,21677
AATCGGGACACTACGA-1,1,8,60,5659,13851
AATCGTGAGCCGAGCA-1,1,67,83,20554,17174
AATCTAGGTTTACTTG-1,1,52,16,16759,7459
AATCTATGCCGGAGCC-1,1,26,110,10209,21100
AATCTCTACTGTGGTT-1,1,38,10,13225,6592
AATCTGCGTTGGGACG-1,1,32,92,11721,18488
AATCTGGCTTTCTAGT-1,1,51,15,16506,7314
AATGACAGCAATGTCT-1,1,48,30,15751,9491
AATGACGTAGGATGTC-1,1,44,78,14748,16454
AATGACTGTCAGCCGG-1,1,23,47,9444,11962
AATGATGATACGCTAT-1,1,23,93,9450,18635
AATGATGCGACTCCTG-1,1,25,101,9956,19795
AATGCAACCGGGTACC-1,1,25,59,9950,13703
AATGCACCAAGCAATG-1,1,19,97,8441,19216
AATGGTCCACCGTTCA-1,1,30,16,11206,7464
AATGGTTCTCACAAGC-1,1,19,35,8433,10223
AATGTGCCCGAGGTGT-1,1,55,27,17518,9054
AATTAAAGGTCGGCGT-1,1,40,50,13735,12394
AATTAGCGCTGCAGCG-1,1,51,63,16513,14277
AATTCATAAGGGATCT-1,1,23,91,9449,18345
AATTCCAAGCATGTAC-1,1,66,58,20298,13548
AATTCGATTCGAGGAT-1,1,66,76,20300,16159
AATTCTAGAGTTAGGC-1,1,49,63,16008,14277
AATTGAACGCTCTGGT-1,1,45,83,15001,17179
AATTTGGGACATAGTA-1,1,13,91,6925,18347
AATTTGGTTCCAAAGA-1,1,11,67,6418,14866
ACAAATCGCACCGAAT-1,1,50,82,16263,17033
ACAAATGGTAGTGTTT-1,1,44,84,14749,17325
ACAACAGCATGAGCTA-1,1,32,72,11718,15587
ACAACGGTCCCTGCGA-1,1,22,30,9189,9497
ACAAGCAGTGCCTAGC-1,1,30,26,11208,8915
ACAAGGAAATCCGCCC-1,1,49,75,16010,16018
ACAAGGACAAGAGGTT-1,1,29,37,10957,10510
ACAAGGATGCTTTAGG-1,1,61,87,19040,17756
ACAAGGGCAGGCTCTG-1,1,44,76,14748,16164
ACAATAGTCGTACGTT-1,1,42,20,14236,8042
ACAATCCATTTAAACC-1,1,36,32,12723,9784
ACAATGAATACGGAGA-1,1,57,31,18023,9634
ACAATTGTGTCTCTTT-1,1,51,97,16517,19209
ACAATTTGAGCAGTGG-1,1,28,82,10710,17038
ACACAAAGACGGGTGG-1,1,24,56,9697,13268
ACACACCAGGACCAGT-1,1,44,90,14750,18195
ACACACTTTCTACACG-1,1,14,64,7174,14430
ACACCCAGCATGCAGC-1,1,24,50,9696,12397
ACACCCGAGAAATCCG-1,1,19,39,8433,10803
ACACCTTAAGTAGGGC-1,1,25,43,9948,11382
ACACCTTACTACTTGC-1,1,41,111,13995,21242
ACACGAGACTCCTTCT-1,1,31,71,11466,15442
ACACGGGAACTTAGGG-1,1,27,71,10456,15443
ACACTGATCAAGGTGT-1,1,52,48,16763,12101
ACAGAACTGAGAACAA-1,1,52,24,16760,8619
ACAGATTAGGTTAGTG-1,1,7,57,5407,13417
ACAGCATAGAGCCAGT-1,1,10,58,6164,13561
ACAGCGACATTCTCAT-1,1,59,99,18537,19497
ACAGCGCACCCGCAGC-1,1,10,80,6167,16752
ACAGGTGGAGGTGAGG-1,1,51,39,16510,10796
ACAGTAATACAACTTG-1,1,46,14,15244,7170
ACATAATAAGGCGGTG-1,1,21,63,8941,14284
ACATCAGCTGGGACGC-1,1,32,12,11711,6883
ACATCCCGGCCATACG-1,1,55,57,17522,13406
ACATCCTGGTAACTGT-1,1,42,102,14246,19936
ACATCGATCGTTTACC-1,1,42,62,14241,14134
ACATCGGTCAGCCGCG-1,1,41,37,13985,10508
ACATCGTATGCAATGG-1,1,45,81,15001,16889
ACATCGTTAACCTAGT-1,1,9,75,5914,16027
ACATGGCGCCAAAGTA-1,1,40,104,13742,20227
ACATTAGTTTATATCC-1,1,51,61,16512,13987
ACCAACGCTTATTTAT-1,1,53,49,17016,12246
ACCAAGAACGCGTGTC-1,1,17,49,7930,12254
ACCAATATGCAAGTTA-1,1,56,78,17777,16451
ACCACAAGTTTCTATC-1,1,30,54,11211,12976
ACCACCAATGTAACAA-1,1,41,107,13995,20661
ACCACGTGCAGCTATA-1,1,48,76,15757,16163
ACCAGTGCGGGAGACG-1,1,48,94,15760,18774
ACCATATCCGCAATAA-1,1,38,56,13231,13264
ACCATCCGCCAACTAG-1,1,44,12,14739,6881
ACCATCGTATATGGTA-1,1,42,42,14238,11233
ACCCAACGCCCGTGGC-1,1,30,86,11216,17618
ACCCACCTACATGCTC-1,1,25,25,9946,8771
ACCCATTTGTCCCTCT-1,1,60,100,18789,19642
ACCCGAGCGAAATTAC-1,1,61,29,19032,9343
ACCCGGAAACTCCCAG-1,1,57,65,18027,14566
ACCCGGATGACGCATC-1,1,38,100,13236,19647
ACCCGGTTACACTTCC-1,1,42,48,14239,12103
ACCCGTGTCATCAGTA-1,1,58,54,18278,12970
ACCCTCCCTTGCTATT-1,1,48,84,15758,17324
ACCCTTCATCTGCGAA-1,1,13,65,6922,14576
ACCGAAAGGGCCCTGC-1,1,9,53,5911,12836
ACCGACTGAGTCCCAC-1,1,28,66,10708,14717
ACCGATGGTAGCATCG-1,1,36,92,12731,18487
ACCGCGGTGGAAGTCG-1,1,44,106,14752,20516
ACCGGGCCTTTGTTGA-1,1,46,98,15255,19355
ACCTAAGTACCTTTCA-1,1,50,30,16256,9490
ACCTAATCGACTTCCT-1,1,32,30,11713,9494
ACCTACAGTATGTGGT-1,1,41,113,13995,21532
ACCTACTATAAATCTA-1,1,68,58,20803,13548
ACCTCCGTTATTCACC-1,1,34,112,12228,21388
ACCTGCGTGTCATGTT-1,1,46,18,15245,7751
ACGAAATGGGCGGCAC-1,1,32,24,11712,8624
ACGACTGGTCATACTC-1,1,64,34,19790,10067
ACGAGATATTTGCTTA-1,1,9,81,5915,16897
ACGAGGATACCACTCT-1,1,50,18,16254,7750
ACGAGTACGGATGCCC-1,1,28,104,10713,20229
ACGATACATAGAACTA-1,1,22,80,9196,16749
ACGATCATACATAGAG-1,1,25,63,9951,14283
ACGATCATCTTGTAAA-1,1,36,102,12732,19937
ACGATGCATATGTTAT-1,1,37,43,12977,11379
ACGATGGATCCGATGC-1,1,10,70,6166,15302
ACGCAATCACTACAGC-1,1,25,109,9957,20955
ACGCATACGTTTACTA-1,1,56,102,17780,19933
ACGCATTCGTGAGTAC-1,1,33,61,11969,13991
ACGCCAGATGATTTCT-1,1,17,73,7933,15735
ACGCCGCTAGACGACC-1,1,43,71,14495,15439
ACGCGAAGTCAGACGA-1,1,49,59,16007,13697
ACGCGCTACACAGGGT-1,1,41,31,13985,9637
ACGCGGGCCAAGGACA-1,1,34,62,12222,14136
ACGCTAGTGATACACT-1,1,28,100,10713,19649
ACGCTGTGAGGCGTAG-1,1,39,13,13477,7027
ACGGAATTTAGCAAAT-1,1,15,27,7422,9063
ACGGACTCTCAAAGCG-1,1,61,75,19038,16015
ACGGATGGTGCGGATA-1,1,57,79,18029,16596
ACGGCACTTGCTTGGG-1,1,52,60,16765,13841
ACGGCCAACATGGACT-1,1,53,55,17017,13116
ACGGCGACGATGGGAA-1,1,49,77,16010,16308
ACGGGAGTGTCGGCCC-1,1,47,25,15498,8766
ACGTACAGATTTCTCT-1,1,10,66,6165,14721
ACGTAGATTGCTGATG-1,1,33,67,11970,14861
ACGTATTACTCCGATC-1,1,41,97,13993,19211
ACGTGCGCCTCGTGCA-1,1,17,63,7931,14285
ACGTTAATGTCGAAGA-1,1,41,69,13990,15149
ACGTTAGATTTGCCCG-1,1,39,39,13481,10798
ACGTTCCGCGCTCCGT-1,1,8,54,5659,12981
ACGTTCGCAATCAATT-1,1,33,113,11976,21534
ACGTTCGTTCAGGAAA-1,1,60,44,18782,11519
ACGTTTAGTTGTGATC-1,1,14,68,7175,15011
ACTACCAGCTCTCTGG-1,1,25,41,9948,11092
ACTACGCGTTAGAATT-1,1,60,56,18783,13259
ACTAGTTGCGATCGTC-1,1,50,104,16266,20224
ACTATTCGTCCGTGGT-1,1,14,74,7176,15881
ACTATTTCCGGGCCCA-1,1,59,41,18529,11084
ACTCAAGTGCAAGGCT-1,1,60,86,18787,17611
ACTCAATAAAGGCACG-1,1,25,69,9951,15153
ACTCAGACCTGCTTCT-1,1,9,43,5910,11385
ACTCCAATATCATCAT-1,1,63,29,19537,9342
ACTCCCATTCCTAAAG-1,1,47,17,15497,7605
ACTCCCGAATTCGTTT-1,1,32,104,11723,20228
ACTCCCTAATGCTAAA-1,1,57,69,18028,15146
ACTCCCTAGAATAGTA-1,1,48,70,15756,15293
ACTCGTAACCCGTCCT-1,1,49,23,16003,8475
ACTCGTCAGTAATCCC-1,1,36,78,12729,16456
ACTCTCTGACTTAGGT-1,1,42,78,14243,16455
ACTCTTGTATAGTAAC-1,1,36,70,12728,15296
ACTGAAACGCCGTTAG-1,1,57,93,18031,18627
ACTGAATGGCGAAAGT-1,1,47,83,15506,17179
ACTGCCGTCGTAACTC-1,1,16,70,7680,15300
ACTGTACGATACACAT-1,1,30,78,11214,16457
ACTGTAGCACTTTGGA-1,1,27,39,10452,10801
ACTGTATACGCGAGCA-1,1,10,36,6161,10370
ACTGTCCAGGATTATA-1,1,33,55,11969,13120
ACTGTCTTCTTTAGAA-1,1,30,64,11213,14427
ACTGTGCTAGTAGATC-1,1,13,31,6918,9644
ACTTAGTACGACAAGA-1,1,14,32,7170,9789
ACTTATACTTACCCGG-1,1,36,90,12730,18197
ACTTATTAGGATCGGT-1,1,38,52,13230,12684
ACTTATTTATGTGCCA-1,1,46,90,15254,18194
ACTTCCATGCGGGACA-1,1,61,85,19040,17466
ACTTCGCCATACGCAC-1,1,27,75,10457,16023
ACTTGACTCCCTCTTT-1,1,42,72,14242,15584
ACTTGGGACCCGGTGG-1,1,29,49,10958,12251
ACTTGTAGTCCCTTCA-1,1,44,10,14739,6591
ACTTGTGGATGGAACG-1,1,52,108,16771,20804
ACTTTACCCTCATGAA-1,1,32,106,11723,20518
ACTTTCCTATAGCTTC-1,1,28,62,10708,14137
ACTTTGACTGCATCCT-1,1,39,11,13477,6737
AGAACGTGGTACATTC-1,1,27,73,10457,15733
AGAAGAGCGCCGTTCC-1,1,38,88,13235,17906
AGAAGGTACACTTCAC-1,1,52,14,16759,7169
AGAAGGTTGCCGAATT-1,1,42,44,14239,11523
AGAAGGTTGTAGGTCG-1,1,64,78,19796,16450
AGAAGTGATTCGTGAT-1,1,48,28,15751,9201
AGAATAAATCTTCAGG-1,1,37,11,12972,6737
AGAATTATGGATTCGA-1,1,32,98,11722,19358
AGAATTGTTTGACATA-1,1,17,23,7926,8482
AGACCATGGGATACAA-1,1,22,28,9189,9207
AGACCCACCGCTGATC-1,1,49,65,16008,14567
AGACCCGCCCTCCTCG-1,1,26,56,10202,13267
AGACCGGGAAACCCTG-1,1,41,17,13983,7607
AGACGAAGTGCCGGTC-1,1,49,97,16012,19209
AGACGACGATGCCGCT-1,1,53,33,17014,9925
AGACTAGCCTTCCAGA-1,1,28,46,10705,11816
AGACTGTTACCGGGTC-1,1,63,45,19539,11663
AGAGAACCGTCTAGGA-1,1,26,88,10206,17909
AGAGAAGGAGTACAAT-1,1,58,34,18276,10069
AGAGATCTCTAAAGCG-1,1,40,18,13731,7752
AGAGCAGTTATGAGAC-1,1,29,19,10954,7899
AGAGCGGGCTAATCAT-1,1,16,64,7679,14430
AGAGCGTACAAGCTCG-1,1,24,28,9694,9206
AGAGGCTTCGGAAACC-1,1,51,101,16518,19789
AGAGTAAACTTCACTA-1,1,48,106,15761,20515
AGATAACTTCAGGGCC-1,1,32,44,11715,11525
AGATACGACTTCATAT-1,1,15,35,7423,10224
AGATACTCAAGATCGA-1,1,46,82,15253,17034
AGATATAATACGACTA-1,1,64,72,19795,15579
AGATCGTGCATAAGAT-1,1,21,97,8945,19215
AGATCTCAGGTGTGAT-1,1,29,75,10962,16022
AGATGACTCGCCCACG-1,1,21,55,8940,13123
AGATGATGGAGTCTGG-1,1,34,106,12228,20518
AGATGCAAGACGTGCA-1,1,58,24,18274,8618
AGATTATAGGACGTTT-1,1,36,54,12726,12975
AGATTCACAACCGATA-1,1,53,13,17011,7024
AGCAAAGGCCGCTAGT-1,1,60,72,18785,15580
AGCAACATATCTTATT-1,1,41,93,13993,18631
AGCAACCGAAAGTAAT-1,1,56,20,17769,8038
AGCACCAGTACTCACG-1,1,27,65,10456,14572
AGCACTACCGGCCTGT-1,1,34,20,12216,8043
AGCACTACCTCACCAG-1,1,53,81,17020,16887
AGCACTTAAGGACGCC-1,1,31,35,11461,10220
AGCAGAAGGAGAAAGA-1,1,64,68,19795,14999
AGCATATCAATATGCT-1,1,51,95,16517,18919
AGCATCATTTCGAAAG-1,1,53,19,17012,7894
AGCATCGTCGATAATT-1,1,22,52,9192,12688
AGCCAAGCTTTGTGTC-1,1,64,58,19793,13549
AGCCACAGGTTACCCG-1,1,63,89,19545,18045
AGCCACTCCCGTGCTT-1,1,23,81,9448,16894
AGCCCATACATGTAAG-1,1,42,26,14236,8912
AGCCCGCAACAAGCAG-1,1,68,54,20802,12967
AGCCCGGTAGCCTGTA-1,1,61,49,19035,12244
AGCCCTAAGCGAAGTT-1,1,15,65,7427,14575
AGCCCTTCTAATCCGA-1,1,17,103,7937,20087
AGCCGTGGCTAAATGT-1,1,50,22,16255,8330
AGCCTAATACCCACGT-1,1,50,14,16254,7169
AGCGACAGGAACGGTC-1,1,51,37,16509,10505
AGCGACATCCCATTCA-1,1,17,59,7931,13704
AGCGACCAACGATATT-1,1,25,55,9949,13122
AGCGCGGGTGCCAATG-1,1,24,92,9702,18490
AGCGGACACTTCGTAG-1,1,62,62,19289,14129
AGCGGCGGTTAGCGGT-1,1,50,12,16254,6879
AGCGGGAAGGGTCCAT-1,1,13,37,6918,10514
AGCGGGTCTGACACTC-1,1,66,66,20299,14709
AGCGTGGTATTCTACT-1,1,45,71,14999,15439
AGCTAACAAGCAATGT-1,1,61,33,19033,9923
AGCTAAGTACGCAGGC-1,1,64,86,19797,17610
AGCTAGAAGCAGAAGT-1,1,21,99,8946,19506
AGCTATTTAATCCAAC-1,1,16,74,7680,15880
AGCTCTAGACGTTCCA-1,1,38,76,13233,16165
AGCTCTTCCCAGTGCA-1,1,18,88,8187,17911
AGCTCTTTACTCAGTT-1,1,41,45,13986,11668
AGCTGAAGTAAACCAA-1,1,20,84,8691,17330
AGCTGTAACCTCAATC-1,1,54,28,17265,9199
AGCTTGATCTTAACTT-1,1,41,23,13984,8477
AGGAAGCTGTCCGCCG-1,1,61,65,19037,14565
AGGACAGTCGAATCCC-1,1,43,85,14496,17470
AGGACATCGCACGTCG-1,1,16,38,7676,10658
AGGACGACCCATTAGA-1,1,43,45,14491,11668
AGGACGCTCGATGTTG-1,1,18,98,8188,19361
AGGAGGCCTTCGCGCG-1,1,52,98,16770,19353
AGGATAAAGTCGGGAT-1,1,53,65,17018,14566
AGGATATAGGGATTTA-1,1,46,96,15255,19065
AGGATCACGCGATCTG-1,1,48,16,15749,7460
AGGCAGATGCGTAAAC-1,1,26,86,10206,17619
AGGCAGGGAGCGTACT-1,1,59,49,18530,12244
AGGCATTGTCGTAGGG-1,1,49,99,16013,19499
AGGCCACCCGTTATGA-1,1,28,38,10704,10656
AGGCCCATTGTACAGG-1,1,15,55,7426,13125
AGGCCCTAGAACGCCA-1,1,45,25,14993,8766
AGGCCTGAGAATCTCG-1,1,62,88,19292,17901
AGGCTATGGTTAGCTT-1,1,26,30,10199,9496
AGGCTTCCCGAAGAAG-1,1,50,42,16258,11231
AGGGAAACGAGGTACT-1,1,13,89,6925,18057
AGGGACCGGCTGCGTT-1,1,36,110,12733,21098
AGGGAGACATACTTCG-1,1,29,113,10967,21535
AGGGCAGCGGCGTGGT-1,1,8,74,5661,15882
AGGGCGAGCAGCTGAT-1,1,44,20,14740,8041
AGGGCGTGATCGGCTA-1,1,17,45,7929,11674
AGGGCTGCAGTTACAG-1,1,35,65,12475,14571
AGGGTCAGAGCACTCG-1,1,68,40,20800,10937
AGGGTGCCGTTCTTTA-1,1,65,33,20042,9922
AGGGTGCTCTCGAGGG-1,1,34,92,12226,18487
AGGGTGGATAGTGCAT-1,1,29,11,10953,6739
AGGGTTCAGACGGTCC-1,1,69,45,21053,11662
AGGGTTCCCTTTGGTT-1,1,30,88,11216,17908
AGGGTTTAGTTCGGGA-1,1,33,63,11970,14281
AGGTAACCTCCTATTC-1,1,13,41,6919,11094
AGGTACGATATTGCCA-1,1,12,76,6671,16171
AGGTAGATCGAGATAT-1,1,63,35,19538,10213
AGGTAGGTACAAAGCT-1,1,35,31,12470,9639
AGGTATAATTGATAGT-1,1,35,109,12480,20953
AGGTCGCGGAGTTACT-1,1,26,104,10208,20230
AGGTGGTGACCTTCGC-1,1,64,56,19793,13258
AGGTGTATCGCCATGA-1,1,37,17,12973,7608
AGGTTGAGGCACGCTT-1,1,22,74,9195,15879
AGGTTTCACACACCTT-1,1,41,67,13989,14859
AGTAATGTCTTGCCGC-1,1,16,60,7679,13850
AGTACATCATTTATCA-1,1,29,109,10966,20954
AGTACGGCCCGTATCG-1,1,35,11,12468,6738
AGTACGGGCACCTGGC-1,1,25,79,9953,16604
AGTACTCTTATGCCCA-1,1,56,88,17778,17902
AGTAGGAAGGAAGTTG-1,1,16,98,7684,19362
AGTATAATACTAGGCA-1,1,25,33,9947,9931
AGTATGCTGGAGACCA-1,1,58,26,18275,8908
AGTATTTGGCACGACC-1,1,58,52,18278,12680
AGTCAACACCACCATC-1,1,41,47,13987,11958
AGTCAAGATGACACTT-1,1,48,90,15759,18194
AGTCACTAGCTCTCGA-1,1,55,99,17527,19498
AGTCAGCCACCGCCTG-1,1,16,28,7674,9208
AGTCCATTGGCTGATG-1,1,42,100,14246,19646
AGTCCCGCCTTTAATT-1,1,17,93,7935,18636
AGTCGACGGTCTCAAG-1,1,38,90,13235,18196
AGTCGGCCCAAACGAC-1,1,25,39,9947,10801
AGTCGGCTCAACTTTA-1,1,47,23,15498,8476
AGTCGGTTGCGTGAGA-1,1,40,112,13743,21387
AGTCGTATAAAGCAGA-1,1,65,81,20049,16885
AGTCGTCGACCACCAA-1,1,57,91,18031,18337
AGTCGTGGGCATTACG-1,1,51,29,16508,9345
AGTCTAAAGTATACTC-1,1,29,111,10966,21244
AGTCTCACAAGACTAC-1,1,54,30,17266,9489
AGTCTTCTCCTCAAAT-1,1,24,66,9699,14718
AGTCTTTAAAGTGTCC-1,1,67,77,20553,16304
AGTGAACAAACTTCTC-1,1,44,102,14751,19936
AGTGACCTACTTTACG-1,1,44,52,14745,12683
AGTGAGACTTCCAGTA-1,1,35,87,12478,17762
AGTGAGCCTCGCCGCC-1,1,29,103,10965,20084
AGTGATAACCTGCGCG-1,1,59,89,18535,18046
AGTGATATGAGTAGTT-1,1,45,49,14997,12247
AGTGATTCAAGCAGGA-1,1,33,87,11973,17762
AGTGCACGCTTAAGAA-1,1,52,96,16769,19063
AGTGCGTAGCTCGTAA-1,1,46,42,15248,11232
AGTGCTAAACACAGCA-1,1,61,91,19040,18336
AGTGCTTGCACGAATA-1,1,41,89,13992,18050
AGTGGCGGCAATTTGA-1,1,24,94,9702,18780
AGTGGCGTCTGAAGGT-1,1,62,86,19292,17611
AGTGGCTCCGTCGGCC-1,1,40,12,13730,6882
AGTGGTGTTACCCGTG-1,1,47,9,15496,6445
AGTGGTTGCGTATAGG-1,1,35,7,12467,6157
AGTGTATTGCGCATTG-1,1,17,95,7936,18926
AGTGTGGTCTATTGTG-1,1,21,23,8936,8481
AGTTAAACACTTGCGA-1,1,40,44,13734,11523
AGTTAAGCGGTCCCGG-1,1,16,80,7681,16751
AGTTAAGTCAACCGCT-1,1,51,25,16508,8765
AGTTACTCTATCGTGG-1,1,15,89,7430,18056
AGTTCCTACAGAATTA-1,1,30,50,11211,12396
AGTTCCTATTTATGTT-1,1,43,65,14494,14569
AGTTGACGGTCCTTGC-1,1,65,63,20046,14274
AGTTTCGCAGGTCGGA-1,1,12,62,6669,14141
AGTTTGCACCTGCCTC-1,1,58,74,18281,15871
AGTTTGGCACGGGTTG-1,1,48,102,15761,19935
AGTTTGGCCAGACCTA-1,1,47,31,15499,9636
ATAAACGGACCCGTAA-1,1,47,61,15503,13988
ATAAAGGCTCGGTCGT-1,1,34,50,12220,12395
ATAAATATTAGCAGCT-1,1,38,28,13227,9203
ATAACGCCGGAGGGTC-1,1,35,81,12477,16891
ATAACGGAGTCCAACG-1,1,25,75,9952,16023
ATAAGGTGGAGAACAT-1,1,50,72,16262,15583
ATAAGTAGGATTCAGA-1,1,27,103,10461,20084
ATAAGTTACCGCGACG-1,1,46,52,15249,12682
ATAATAGCTGTTGAAT-1,1,47,63,15503,14278
ATAATAGTGTAGGGAC-1,1,18,30,8179,9498
ATAATCTTGGAGAACC-1,1,61,77,19039,16305
ATAATTAGCTAAGTAG-1,1,64,64,19794,14419
ATACAGGCCCTCCAAT-1,1,56,72,17776,15581
ATACCACGGGCAACTT-1,1,35,29,12470,9349
ATACCAGGCTAATAGA-1,1,9,55,5911,13126
ATACGCCGGCGAAACC-1,1,40,78,13738,16455
ATACGGAACGTCGTTT-1,1,56,22,17769,8328
ATACGGGTTTCGATTG-1,1,22,82,9196,17039
ATACGGTGAAGATGCA-1,1,33,11,11963,6738
ATACGTACTTAGCCAC-1,1,55,77,17524,16307
ATACGTCCACTCCTGT-1,1,47,93,15507,18629
ATACTAGCATGACCCT-1,1,21,61,8941,13994
ATACTGCCTTACACCG-1,1,58,84,18282,17321
ATACTTGTTCTCGAGC-1,1,30,10,11206,6594
ATAGACAACGGGACCT-1,1,28,92,10712,18489
ATAGACGAAGAGAAAG-1,1,33,45,11967,11670
ATAGAGTACTGGGACA-1,1,26,48,10201,12107
ATAGAGTTATCAACTT-1,1,27,93,10459,18634
ATAGGCGGCTATAGAA-1,1,43,33,14490,9927
ATAGGCTAGCTTCGCA-1,1,25,97,9955,19215
ATAGGGATATCCTTGA-1,1,21,71,8942,15444
ATAGGTTGGGCAGATG-1,1,28,64,10708,14427
ATAGTGAAGCGTTCTC-1,1,41,57,13988,13409
ATAGTTCCACCCACTC-1,1,38,102,13237,19937
ATATAAAGCGCTCGTG-1,1,58,68,18280,15000
ATATAAATGTAGCTGC-1,1,54,74,17271,15872
ATATCGGTAGGGAGAT-1,1,38,110,13238,21097
ATATCGTTCCTCGAAC-1,1,58,92,18283,18482
ATATCTCCCTCGTTAA-1,1,19,87,8439,17765
ATATCTTAGGGCCTTC-1,1,35,61,12474,13990
ATATGTCTCCCTAGCC-1,1,35,97,12479,19212
ATATTCAGTTAAACCT-1,1,44,40,14743,10942
ATATTCCCACAGGTCA-1,1,11,59,6416,13706
ATATTGCTGTCAAAGT-1,1,18,32,8180,9788
ATATTTAACCCTCAAG-1,1,31,55,11464,13121
ATCAAACACTGTTCCA-1,1,47,107,15509,20660
ATCAAACGAAGGTTTG-1,1,49,33,16004,9926
ATCAATCTGGGCTGCA-1,1,33,65,11970,14571
ATCACGTGCTAATTAA-1,1,46,36,15247,10362
ATCACTTCATCCTCGC-1,1,21,67,8941,14864
ATCAGACGGCACGCCG-1,1,44,42,14743,11232
ATCAGCCTCATGCTGC-1,1,57,87,18030,17757
ATCAGCTCGTCCACTA-1,1,49,15,16002,7315
ATCAGTAGGCAGGGAT-1,1,23,87,9449,17764
ATCCAACGCAGTCATA-1,1,25,37,9947,10511
ATCCAATGGAGGGTCC-1,1,43,27,14489,9057
ATCCAATGGTACCGAA-1,1,36,6,12719,6012
ATCCACATCGACAGAA-1,1,62,72,19290,15580
ATCCAGAGCAACAACC-1,1,50,52,16259,12681
ATCCAGGATTCGTGAA-1,1,40,46,13734,11813
ATCCTACCTAAGCTCT-1,1,44,48,14744,12103
ATCCTGAATCGCTGCG-1,1,38,26,13227,8913
ATCCTGCGTGGAATGG-1,1,45,47,14996,11957
ATCGACCCAATACAGA-1,1,43,63,14494,14279
ATCGACTCTTTCCGTT-1,1,23,61,9445,13993
ATCGCACGCCGGGAGA-1,1,25,57,9950,13412
ATCGCCAGTCAACATT-1,1,45,105,15004,20370
ATCGGCAAGCAGTCCA-1,1,20,96,8693,19071
ATCGGTTACCTAGTAA-1,1,34,8,12215,6303
ATCGTTAGCTAGCGGA-1,1,58,98,18284,19352
ATCTAATATCCTACGG-1,1,55,67,17523,14856
ATCTAGCTTGTGAGGG-1,1,67,65,20551,14563
ATCTCCCTGCAATCTA-1,1,16,72,7680,15590
ATCTGACATGGAAGGA-1,1,63,41,19539,11083
ATCTGCACCTCTGCGA-1,1,29,101,10965,19794
ATCTGCTGTTATCGCC-1,1,67,57,20550,13403
ATCTGGTTAAGACTGT-1,1,26,76,10205,16168
ATCTGTAATTGTACCC-1,1,15,57,7426,13415
ATCTTGACCTGCAACG-1,1,26,44,10200,11526
ATCTTGACTTGTCCAA-1,1,30,108,11218,20809
ATGAAGCCAAGGAGCC-1,1,22,46,9191,11818
ATGACGCCGGCTCTAA-1,1,16,58,7678,13560
ATGACGCGTTCTATCC-1,1,52,30,16761,9490
ATGACTATCAGCTGTG-1,1,63,43,19539,11373
ATGACTATGCGACATT-1,1,48,88,15759,17904
ATGAGGAGTGTTAATC-1,1,25,35,9947,10221
ATGATCGGGAATAGAC-1,1,16,54,7678,12979
ATGATGCAATGGTACA-1,1,44,50,14744,12393
ATGCACTACCGCATTG-1,1,27,45,10453,11671
ATGCATGATCCAGGAT-1,1,25,65,9951,14573
ATGCCATTTGCGACCA-1,1,43,91,14497,18340
ATGCCGGTCTTGCATA-1,1,31,75,11466,16022
ATGCCGGTTGATGGGA-1,1,19,83,8439,17185
ATGCGACAGTCCCATT-1,1,35,71,12476,15441
ATGCGAGTCCCACCAC-1,1,48,104,15761,20225
ATGCTCAGTGTTGCAT-1,1,21,29,8937,9352
ATGCTCTGGCGCGGTA-1,1,60,76,18786,16160
ATGGAGCAGGCCGTGA-1,1,36,66,12727,14715
ATGGATCCGGCGTCCG-1,1,19,79,8438,16605
ATGGATTGACCAAACG-1,1,27,61,10455,13992
ATGGCAGCCGAGAAAC-1,1,33,9,11963,6448
ATGGGACCTGCTGAAC-1,1,61,31,19033,9633
ATGGGCCTCGGCCTCT-1,1,45,91,15002,18340
ATGGTCGCGTGGTTTC-1,1,45,85,15001,17469
ATGTAAGGCTGCTCTT-1,1,32,112,11724,21389
ATGTACGATGACGTCG-1,1,66,64,20299,14418
ATGTAGCGCGCGTAGG-1,1,68,72,20805,15578
ATGTGCATCCGACGCA-1,1,23,57,9445,13413
ATGTGGACATCTTGAT-1,1,47,71,15504,15438
ATGTTACGAGCAATAC-1,1,15,29,7422,9353
ATGTTCGTCGACCCAC-1,1,34,14,12216,7173
ATGTTGTAGTCTGTTT-1,1,65,47,20044,11953
ATTAAACATGCGGACC-1,1,43,59,14493,13698
ATTAATACTACGCGGG-1,1,22,66,9194,14719
ATTAATGAACCAGTCG-1,1,23,79,9448,16604
ATTAATTCGGTCACTC-1,1,14,66,7175,14720
ATTACAACTACCGGCC-1,1,11,87,6420,17767
ATTACATGTCAGTCTT-1,1,50,108,16266,20804
ATTACGCGCTGGCAGG-1,1,40,30,13732,9493
ATTACTAGCCTCTTGC-1,1,18,44,8181,11528
ATTACTTACTGGGCAT-1,1,22,100,9198,19650
ATTAGATTCCTCAGCA-1,1,25,105,9956,20375
ATTAGATTGATAGCGG-1,1,19,49,8434,12253
ATTAGGCGATGCTTTC-1,1,37,71,12980,15440
ATTATACTTTGCTCGT-1,1,18,78,8186,16460
ATTATCGGAATGTACG-1,1,69,57,21055,13402
ATTATCTCGACAGATC-1,1,7,61,5407,13997
ATTATGCCATAGGGAG-1,1,21,53,8940,12833
ATTCAACCATTTAAGG-1,1,58,100,18284,19642
ATTCACTGATGTTGGA-1,1,56,68,17775,15001
ATTCAGGACCTATTTC-1,1,20,98,8693,19361
ATTCAGTAGCAGGGTC-1,1,27,25,10450,8770
ATTCATATACTGTCCA-1,1,46,60,15250,13843
ATTCATCGTTGAGGCA-1,1,61,89,19040,18046
ATTCCCACATAAACAA-1,1,26,24,10198,8625
ATTCCTCCGCCAGTGC-1,1,23,39,9443,10802
ATTCGACGCCGGGCCT-1,1,36,26,12722,8913
ATTCGTGCTATCTCTT-1,1,42,110,14247,21096
ATTGAAGATCTTAGTG-1,1,31,49,11463,12251
ATTGACGTAACTCGGT-1,1,8,72,5661,15592
ATTGATGAGTCCTAAC-1,1,33,99,11974,19503
ATTGCCTTTATGTTTG-1,1,64,84,19797,17320
ATTGCTGCTCCTCCAT-1,1,35,43,12472,11379
ATTGGATTACAGCGTA-1,1,54,102,17275,19933
ATTGTACAACTCGGCT-1,1,35,103,12480,20083
ATTGTCGCAATACCTT-1,1,15,85,7429,17476
ATTTACAGTTTACTGG-1,1,30,38,11209,10655
ATTTACTAAGTCCATT-1,1,31,111,11471,21244
ATTTCATTATTTCGCG-1,1,14,78,7176,16461
ATTTCCGGGTTCTGCG-1,1,55,35,17519,10214
ATTTGCGCGAGTAGCT-1,1,53,31,17013,9635
ATTTGTCTTGGGAGCT-1,1,40,84,13739,17325
ATTTGTTCCAGGGCTC-1,1,19,71,8437,15445
CAAACGAGTATCGCAG-1,1,47,47,15501,11957
CAAACGGTCGCACTTT-1,1,30,40,11209,10945
CAAACTACGATAGAGA-1,1,12,84,6672,17332
CAAACTATTGAGCTTC-1,1,11,75,6419,16027
CAAACTCGCGACGCCG-1,1,45,111,15005,21241
CAAAGATTATTGGGCC-1,1,56,30,17770,9489
CAAATCTCTCACAAGG-1,1,44,24,14741,8621
CAAATTGTCAGCAAGC-1,1,13,67,6922,14866
CAACGACCCGTTTACA-1,1,20,50,8687,12398
CAACGGTTCTTGATAC-1,1,18,38,8181,10658
CAACTATATCGAATGC-1,1,15,79,7429,16606
CAACTCCTTGATCCCG-1,1,18,46,8182,11818
CAACTGCTCATCCGAT-1,1,59,55,18531,13115
CAACTTGTAGTGGGCA-1,1,9,41,5909,11095
CAAGAGGGCGGAGTAC-1,1,46,74,15252,15874
CAAGATATTATAACGT-1,1,45,89,15002,18050
CAAGCAACGTCGGAGT-1,1,32,38,11714,10655
CAAGCACCAAATGCCT-1,1,18,66,8184,14719
CAAGCGGCACATAATT-1,1,54,72,17271,15582
CAAGGATCGCATGTTC-1,1,40,68,13737,15005
CAAGGTCCTATAGGCT-1,1,34,110,12228,21098
CAAGTAAGTGATAGAC-1,1,69,53,21055,12822
CAAGTGTGGTTGCAAA-1,1,40,94,13740,18776
CAATAAACCTTGGCCC-1,1,26,74,10204,15878
CAATACGCTCTGAGGC-1,1,40,10,13729,6591
CAATATTCTTGACCTA-1,1,54,40,17267,10940
CAATCCCTATACCAGC-1,1,12,88,6673,17912
CAATGCGAGAAGTATC-1,1,54,82,17272,17032
CAATGGATCTCTACCA-1,1,28,86,10711,17618
CAATGTGCCAACCCTT-1,1,37,115,12986,21823
CAATTAAGGGTGATGA-1,1,29,65,10960,14572
CAATTTCGTATAAGGG-1,1,37,63,12979,14280
CACAATGAGCTGCTAT-1,1,42,50,14240,12393
CACACACGCTAACGAG-1,1,55,103,17528,20078
CACACAGGGATAGATT-1,1,25,27,9946,9061
CACAGCACCCACGGCA-1,1,31,59,11464,13701
CACAGCTAGGGAGTGA-1,1,20,60,8688,13849
CACAGGGCCATATAGT-1,1,57,97,18032,19207
CACAGGGCCGTTGTCA-1,1,62,60,19289,13839
CACATATTAGCAGGAT-1,1,47,73,15504,15728
CACATGATTCAGCAAC-1,1,38,64,13232,14425
CACATTCTTTCGATGG-1,1,18,90,8187,18201
CACATTTCTTGTCAGA-1,1,44,108,14752,20806
CACCACGCCACACAGA-1,1,40,8,13729,6301
CACCAGTCAGCATGCA-1,1,60,22,18779,8328
CACCATCGGAGGAGAC-1,1,11,61,6417,13996
CACCCACACGTCACCC-1,1,17,43,7929,11383
CACCCACGAGGCAATT-1,1,20,86,8692,17620
CACCCGGTTTGTGACT-1,1,53,39,17014,10795
CACCCTAACAAGATCT-1,1,56,80,17777,16742
CACCCTTGGTGAGACC-1,1,50,16,16254,7460
CACCGATACACCGAGC-1,1,10,84,6167,17332
CACCGCCAGAAGGTTT-1,1,27,59,10455,13702
CACCGCCGACCAGCGA-1,1,9,67,5913,14867
CACCGTATCCCATCCG-1,1,52,104,16771,20224
CACCGTTAGGGATCAC-1,1,53,37,17014,10505
CACCGTTGCGCGATAT-1,1,47,29,15499,9346
CACCTAATAGAGTCGT-1,1,17,25,7926,8773
CACCTAATCAGTTTAC-1,1,20,72,8690,15589
CACCTCGATGGTGGAC-1,1,18,70,8185,15300
CACCTTGCGAAACTCG-1,1,24,84,9701,17329
CACCTTGGCGCCTTTG-1,1,43,103,14499,20081
CACGAAAGTTAGTCCC-1,1,33,29,11965,9349
CACGCACAGCGCAGCT-1,1,24,72,9699,15588
CACGCAGCGAGGCTTT-1,1,31,43,11462,11380
CACGCGGAACTGTTGC-1,1,42,98,14246,19356
CACGGGATTGAGGGTT-1,1,31,11,11458,6739
CACGTCGGCAACCTCT-1,1,49,37,16005,10506
CACGTTCGTGCTCTAG-1,1,37,81,12982,16891
CACGTTTCGTACACAC-1,1,55,91,17526,18337
CACTAAAGTTGCCTAT-1,1,35,51,12473,12540
CACTCAAGAGCTATGG-1,1,39,57,13483,13409
CACTCAGCTCTTGAGG-1,1,11,71,6418,15446
CACTCCTATGTAAGAT-1,1,56,36,17771,10359
CACTCCTCTCGGTCGG-1,1,15,87,7430,17766
CACTCGAGCTGAACAA-1,1,48,74,15757,15873
CACTCGGTTAGGAGGA-1,1,35,13,12468,7028
CACTCTTCTGCTAGCC-1,1,59,101,18537,19787
CACTGACGATTGTGGA-1,1,65,51,20045,12533
CACTGTCCAAGTGAGA-1,1,19,43,8434,11383
CACTTAATCAGACGGA-1,1,34,48,12220,12105
CACTTCGCCACAGGCT-1,1,21,31,8937,9642
CAGACACCGATCGCTG-1,1,53,51,17016,12536
CAGACCTGTAAGTGTT-1,1,31,99,11470,19503
CAGACGAACCTGATAC-1,1,50,50,16259,12391
CAGAGACGGTCACCCA-1,1,51,57,16512,13406
CAGAGCATGAGCTTGC-1,1,26,70,10204,15298
CAGAGGCGATGCATGA-1,1,54,48,17268,12100
CAGAGTGATTTAACGT-1,1,9,69,5913,15157
CAGATACTAACATAGT-1,1,26,46,10201,11817
CAGATCATTTAAAGTC-1,1,22,108,9199,20811
CAGATCCTGGTTTGAA-1,1,55,17,17516,7603
CAGCAGCCCGTTCCTT-1,1,28,78,10710,16458
CAGCAGTCCAGACTAT-1,1,50,100,16265,19644
CAGCAGTCTGTGCTGC-1,1,62,74,19291,15870
CAGCCGGGCCCTCTAT-1,1,11,85,6420,17477
CAGCCTCCTGCAGAGG-1,1,23,77,9448,16314
CAGCCTCTCCTCAAGA-1,1,15,95,7431,18927
CAGCGATTCCCTTCAA-1,1,53,43,17015,11375
CAGCTCACTGAGACAT-1,1,33,59,11969,13701
CAGCTCGACAAGTTAA-1,1,28,90,10711,18199
CAGCTCGTGCTTGTGT-1,1,14,42,7171,11239
CAGCTGGCGTAACCGT-1,1,48,22,15750,8330
CAGCTTAGTAGGTAGC-1,1,32,28,11713,9204
CAGGAAGACTTTATAT-1,1,13,85,6925,17477
CAGGATATATCGTTGT-1,1,44,60,14746,13843
CAGGCAGTCTTACCAG-1,1,65,85,20049,17465
CAGGCCGTTTGGGTGT-1,1,39,43,13481,11378
CAGGCGCACGGTGGTC-1,1,56,28,17770,9199
CAGGCGCCATGCTAGG-1,1,49,73,16009,15728
CAGTAACTATTTATTG-1,1,19,101,8441,19796
CAGTAATCCCTCCCAG-1,1,21,25,8936,8772
CAGTACATTCTCTAAA-1,1,20,102,8694,19941
CAGTACCAGTTTACGT-1,1,48,18,15750,7750
CAGTAGCCCACGCGGT-1,1,25,91,9954,18344
CAGTCGAGGATGCAAT-1,1,25,99,9955,19505
CAGTCTGTATACTGGG-1,1,42,66,14242,14714
CAGTGAATAAATGACT-1,1,25,83,9953,17184
CAGTGTCCGCAGAATG-1,1,15,37,7423,10514
CAGTGTCGGCTGGCCC-1,1,52,92,16769,18483
CAGTTCAAATTGACAC-1,1,29,51,10959,12541
CAGTTCCGCGGGTCGA-1,1,26,26,10198,8916
CATAACGGACAGTCGT-1,1,36,94,12731,18777
CATAAGAAGCTTGGCT-1,1,58,72,18281,15581
CATAAGCTCTCCGTCT-1,1,42,14,14235,7171
CATACAAAGCCGAACC-1,1,13,35,6918,10224
CATACACGGTTCCCAC-1,1,61,55,19036,13114
CATACCCGTACCCAGT-1,1,37,31,12975,9638
CATACGAACTAGCTGG-1,1,65,31,20042,9632
CATACGGCGTCTGGGC-1,1,39,63,13484,14280
CATACTATGTAATTGT-1,1,36,48,12725,12104
CATACTTAGGCAATAC-1,1,37,113,12986,21533
CATACTTCTTTCTCCG-1,1,68,52,20802,12677
CATAGCCGCCCGGGAT-1,1,26,22,10198,8335
CATAGCGTTGCCCACC-1,1,54,42,17267,11230
CATAGTACATTGAGAG-1,1,15,77,7428,16316
CATAGTAGCATAGTAG-1,1,19,45,8434,11673
CATAGTCCACAAGAAC-1,1,45,31,14994,9636
CATATACTACTGATAA-1,1,18,102,8189,19941
CATATAGGTACAGTCA-1,1,43,55,14493,13118
CATATGTCAGGCTACG-1,1,48,24,15750,8620
CATATTATTTGCCCTA-1,1,9,79,5914,16607
CATCATCTACCCGGAC-1,1,11,69,6418,15156
CATCATTACCCTGAGG-1,1,52,94,16769,18773
CATCCTCTCAAAGATC-1,1,54,92,17274,18483
CATCGGACGGGTTAAT-1,1,42,58,14241,13554
CATCTATCCCGTGTCT-1,1,18,100,8189,19651
CATCTTACACCACCTC-1,1,37,99,12984,19502
CATGAACCGACATTTG-1,1,11,43,6414,11385
CATGACTTCGCTGAAT-1,1,40,106,13742,20517
CATGAGATGCACTCTC-1,1,59,79,18534,16596
CATGATGCACAATTCT-1,1,21,69,8942,15154
CATGATGGAAGTTAGC-1,1,45,103,15004,20080
CATGCCAACTCGCAAA-1,1,43,21,14488,8186
CATGCGACCAGTTTAA-1,1,26,98,10208,19359
CATGCGTTAGACAGAA-1,1,15,63,7427,14285
CATGCTGGCTCCAATT-1,1,12,60,6669,13851
CATGGATTGTCTTCCG-1,1,55,101,17527,19788
CATGGCAGGAAGATCG-1,1,17,57,7931,13414
CATGGGTATGCCTTAT-1,1,56,82,17777,17032
CATGGGTCGGGTGTGG-1,1,21,85,8944,17475
CATGGTAAGTAGCGTT-1,1,45,73,15000,15729
CATGGTCTAGATACCG-1,1,26,66,10203,14718
CATGTAAGAGACATTT-1,1,54,90,17273,18193
CATGTCTCATTTATGG-1,1,49,85,16011,17468
CATTACGTCGGCCCGT-1,1,19,65,8436,14574
CATTATGCTTGTTGTG-1,1,26,52,10201,12687
CATTGCGAAATGGGCG-1,1,36,12,12720,6882
CATTTAGCGGACCATG-1,1,25,85,9953,17474
CATTTCTAGCAGACTA-1,1,16,26,7674,8918
CATTTGAGTGGTACGT-1,1,50,48,16258,12101
CCAAACAGAACCCTCG-1,1,22,48,9191,12108
CCAACCTTATGTAACT-1,1,67,41,20548,11082
CCAACGATGCACTGAT-1,1,31,37,11461,10510
CCAAGAAAGTGGGCGA-1,1,52,52,16764,12681
CCAAGACTTCTGCGAA-1,1,20,62,8688,14139
CCAAGCGTAACTCGTA-1,1,33,71,11971,15441
CCAAGGAACAGAGAGG-1,1,14,48,7172,12109
CCAATAGTGCCGTCGA-1,1,34,42,12219,11235
CCAATCGGTAGATCGA-1,1,14,84,7177,17331
CCAATGTCACAGCAAG-1,1,37,49,12977,12249
CCAATTACGGGTCGAG-1,1,19,93,8440,18636
CCAATTGAATGTTAAT-1,1,20,46,8686,11818
CCACAATGTACGTCTT-1,1,29,85,10963,17473
CCACACTGAGATATTA-1,1,39,49,13482,12249
CCACAGTACCCATCCT-1,1,48,92,15759,18484
CCACCAACTTTACTGT-1,1,52,40,16762,10940
CCACCCAAGGAAAGTG-1,1,37,75,12981,16021
CCACGGAGCCATAAGA-1,1,47,27,15498,9056
CCACGGTGCCCGGTAG-1,1,35,107,12480,20663
CCACTGGTGGCTGGTT-1,1,39,21,13479,8187
CCAGAAAGCAACTCAT-1,1,52,36,16762,10360
CCAGATAGTTGAGTGA-1,1,28,84,10710,17328
CCAGCCTGGACCAATA-1,1,37,65,12980,14570
CCAGCTCGAACGCATT-1,1,63,65,19542,14564
CCAGCTGATGGTACTT-1,1,37,21,12974,8188
CCAGCTTCCGCCCGCA-1,1,29,17,10954,7609
CCAGGGACGTGGCCTC-1,1,27,53,10454,12832
CCAGTAGTCTGATCCA-1,1,27,91,10459,18344
CCAGTCAAATCTCTTA-1,1,42,8,14234,6301
CCAGTCTAGACGGCGC-1,1,24,86,9701,17619
CCATAAACAACCCGAC-1,1,14,76,7176,16171
CCATACCTTTACTTGT-1,1,30,102,11218,19939
CCATAGGTTGGCGTGG-1,1,18,62,8184,14139
CCATATGGAAACTATA-1,1,53,103,17023,20079
CCATCCATACCAAGTC-1,1,14,38,7171,10659
CCATCGCAGTTAAACT-1,1,50,62,16260,14132
CCATCTCACCAGTGAA-1,1,38,98,13236,19357
CCATGCCCTAGATTTC-1,1,56,98,17779,19353
CCATGCCTGTTTAGTA-1,1,35,53,12473,12830
CCATGCTCTGCAGGAA-1,1,21,43,8938,11383
CCATGGCCCTTGTACC-1,1,32,22,11712,8334
CCATTAGCGATAATCC-1,1,32,42,11715,11235
CCATTCCCTGCCCACA-1,1,33,39,11967,10800
CCATTTCTACCTATTA-1,1,55,71,17523,15436
CCCAAACATGCTGCTC-1,1,34,88,12225,17907
CCCAACATACGTCGCG-1,1,43,35,14490,10217
CCCAACCACACTAACA-1,1,8,66,5660,14722
CCCAATGAGATTTGCA-1,1,60,40,18781,10939
CCCAATTTCACAACTT-1,1,39,33,13480,9928
CCCAGAGGAGGGCGTA-1,1,21,105,8946,20376
CCCAGTAAACTTGGGA-1,1,52,12,16758,6879
CCCAGTTAAGGCGCCG-1,1,42,82,14244,17035
CCCGAAGTTTCGCGAA-1,1,45,11,14992,6735
CCCGACCATAGTCCGC-1,1,20,74,8690,15879
CCCGAGTTTCTCCGTA-1,1,48,108,15761,20805
CCCGCAGCGCGAACTA-1,1,49,67,16008,14857
CCCGCAGGGCCCAAAG-1,1,11,79,6419,16607
CCCGCCATGCTCCCGT-1,1,19,41,8433,11093
CCCGCGCAATGCACCC-1,1,19,23,8431,8482
CCCGGTGTATCGGAAT-1,1,53,17,17012,7604
CCCGTAAGTCTAGGCC-1,1,40,28,13732,9202
CCCGTCAGCGTCTGAC-1,1,23,51,9444,12543
CCCGTTTCGCAGATGT-1,1,52,106,16771,20514
CCCTATGTAGAGCAGA-1,1,60,24,18779,8618
CCCTCATTCTGGAATT-1,1,16,44,7676,11529
CCCTCCTCGCTCGTAT-1,1,50,106,16266,20514
CCCTGAAATGAGTTGA-1,1,31,39,11462,10800
CCCTGACTAACAAATT-1,1,38,12,13225,6882
CCCTGCCCAATCCGCT-1,1,41,19,13983,7897
CCCTGCGCTACGCATA-1,1,34,24,12217,8624
CCCTTTGACAGGTCTT-1,1,50,56,16259,13262
CCGAAAGTGGTGAGCA-1,1,17,27,7927,9063
CCGAACCTTCCCGGCC-1,1,49,71,16009,15438
CCGAAGTATATTGTTC-1,1,22,22,9188,8336
CCGACAAAGGGAGTGC-1,1,33,21,11964,8189
CCGACGGGCATGAGGT-1,1,54,26,17265,8909
CCGAGAAGTCGCATAA-1,1,46,112,15257,21386
CCGATCTCAACCTTAT-1,1,37,101,12984,19792
CCGATTCGAGGGACCC-1,1,38,20,13226,8042
CCGCACAAAGACCAAC-1,1,36,76,12729,16166
CCGCACGTGACCTCGG-1,1,28,26,10703,8915
CCGCATGTGGTACGAT-1,1,56,66,17775,14711
CCGCCGGTCAACACAC-1,1,13,55,6921,13125
CCGCCTGCGAATTGGT-1,1,15,97,7431,19217
CCGCGATTTGGTAGGT-1,1,39,9,13477,6447
CCGCGGAATGCGTCAC-1,1,51,45,16510,11666
CCGCGGGTACGAAGAA-1,1,32,26,11712,8914
CCGCGTAGGTAAGGGC-1,1,30,22,11207,8334
CCGCTATCAGCACCAG-1,1,45,63,14998,14278
CCGCTTACCTCACTCT-1,1,47,35,15500,10216
CCGGAATGGTTTCAGT-1,1,24,32,9694,9786
CCGGAGCGTACTTTCT-1,1,58,56,18279,13260
CCGGCACGACCGTTTC-1,1,35,111,12481,21243
CCGGCGCATATTGGAT-1,1,14,56,7173,13270
CCGGCGTGAGACTCTG-1,1,47,11,15496,6735
CCGGGCGGTCTCGTCA-1,1,32,76,11719,16167
CCGGGCTGCTCCATAC-1,1,36,86,12730,17616
CCGGGTTCGAGGTTAC-1,1,38,32,13228,9783
CCGGTAATGGCTAGTC-1,1,38,114,13238,21678
CCGTAAGTTGGTCCCA-1,1,33,77,11972,16312
CCGTACCCAAGCGCCA-1,1,12,34,6666,10079
CCGTAGGAAATCCCTG-1,1,60,96,18789,19062
CCGTATCTCGTCGTAG-1,1,53,27,17013,9054
CCGTGCCCATGACGGC-1,1,12,48,6667,12110
CCGTGGAACGATCCAA-1,1,24,106,9704,20520
CCGTGTTAAATTCCAT-1,1,48,36,15752,10361
CCGTTACGTTAGAACA-1,1,20,88,8692,17910
CCGTTCCGAATCTCGG-1,1,40,22,13731,8332
CCTAAAGGCTGACGCT-1,1,14,82,7177,17041
CCTAAATTAACGGTTC-1,1,42,68,14242,15004
CCTAACCCAAACAAGT-1,1,49,89,16011,18049
CCTAACTAAGGCTCTA-1,1,21,93,8945,18635
CCTACATTCACAGACG-1,1,51,33,16509,9925
CCTACGGCTCAGTCGA-1,1,16,32,7675,9788
CCTACTGCTTACACTT-1,1,27,49,10453,12252
CCTAGGCGTAGCGATC-1,1,36,88,12730,17907
CCTAGGTAAAGGTAGC-1,1,51,11,16506,6734
CCTAGTTAGTCGCATG-1,1,12,72,6671,15591
CCTATATTTGTCCTGG-1,1,62,52,19288,12679
CCTATGAAGTGGTGCC-1,1,37,111,12986,21243
CCTATGGCTCCTAGTG-1,1,62,24,19284,8617
CCTATGGGTTACCGTC-1,1,29,69,10961,15152
CCTATGGTCAAAGCTG-1,1,68,68,20804,14998
CCTATGTCCACTCCAC-1,1,62,92,19293,18481
CCTCACCAATCTTGAC-1,1,17,35,7928,10223
CCTCACCTGAGGGAGC-1,1,28,102,10713,19939
CCTCACCTTAGCATCG-1,1,27,97,10460,19214
CCTCCCGACAATCCCT-1,1,9,63,5912,14286
CCTCCGACAATTCAAG-1,1,33,33,11966,9929
CCTCCTGAGCCCACAT-1,1,38,8,13224,6302
CCTCCTGTTGTGTCGT-1,1,62,96,19293,19061
CCTCGAAGTGGACGGG-1,1,15,71,7428,15445
CCTCGCCAGCAAATTA-1,1,18,74,8185,15880
CCTCGCGCGATATAGG-1,1,21,95,8945,18925
CCTCGGACCGGGATAG-1,1,41,85,13992,17470
CCTCGGATGCTACCTG-1,1,32,10,11710,6593
CCTCTAATCTGCCAAG-1,1,23,73,9447,15734
CCTCTATCGATTAGCA-1,1,52,26,16760,8910
CCTCTCTCCCATCTAG-1,1,34,36,12219,10364
CCTCTGGCCTAGACGG-1,1,15,75,7428,16026
CCTCTGTACTATTCTA-1,1,53,61,17017,13986
CCTGAACGATATATTC-1,1,37,85,12982,17471
CCTGAATATTTACATA-1,1,23,71,9447,15444
CCTGACCACCGATGGT-1,1,45,61,14998,13988
CCTGCCCGTTGTCTAG-1,1,35,9,12467,6448
CCTGCGTTCTACGCTT-1,1,32,14,11711,7174
CCTGCTATTTGAGAAG-1,1,26,50,10201,12397
CCTGGAAACGTTCTGC-1,1,39,113,13491,21532
CCTGGCTAGACCCGCC-1,1,29,43,10957,11381
CCTGTAAGACATGATA-1,1,37,41,12976,11089
CCTGTACTCACGCCCA-1,1,40,24,13731,8622
CCTGTCACCCGGGCTC-1,1,29,67,10961,14862
CCTGTCCCTCACGTTA-1,1,36,114,12734,21678
CCTGTCGCCCGTAAAT-1,1,36,62,12727,14135
CCTGTTTGAAGACACG-1,1,58,94,18284,18772
CCTTCGTATAGAATCC-1,1,69,61,21056,13983
CCTTCTTGATCCAGTG-1,1,19,73,8437,15735
CCTTTAAGGGAGCACT-1,1,58,50,18278,12390
CCTTTCAATGAAGAAA-1,1,25,95,9955,18924
CGAAACATAGATGGCA-1,1,11,77,6419,16317
CGAAACGCAATTCATG-1,1,41,33,13985,9927
CGAACAGTATGGGCGT-1,1,50,96,16265,19064
CGAACCCGCATGCGTC-1,1,49,49,16006,12247
CGAACGCCCAGTGCCG-1,1,14,70,7175,15301
CGAACGGCCGGACAAC-1,1,47,15,15497,7315
CGAAGCTATAAATTCA-1,1,19,105,8442,20376
CGAAGTTGCTCTGTGT-1,1,33,35,11966,10219
CGAATGACGCATAATG-1,1,63,57,19541,13404
CGACAATTTGATCTAA-1,1,43,95,14498,18920
CGACACGCTCCGACAG-1,1,46,94,15255,18775
CGACAGTTCGCGTTAT-1,1,36,42,12724,11234
CGACATGCGATCTTCT-1,1,8,64,5660,14432
CGACCCTTAACGCCGG-1,1,48,12,15749,6880
CGACGCATCCGTACCT-1,1,50,10,16253,6589
CGACTCAGGATGTTAT-1,1,23,89,9449,18055
CGACTTTGTATAGCCT-1,1,33,109,11976,20953
CGAGACCCTAGAGTGT-1,1,43,61,14493,13989
CGAGAGATGTGAACCT-1,1,29,73,10961,15732
CGAGAGCTTTCACTAC-1,1,64,88,19797,17900
CGAGAGGGTAGCCGCG-1,1,56,104,17780,20223
CGAGCACTTCAAGTTT-1,1,23,25,9441,8771
CGAGCGTTGATCAGCC-1,1,12,46,6667,11820
CGAGCTGGGCTTTAGG-1,1,17,67,7932,14865
CGAGGCTAAATATGGC-1,1,29,71,10961,15442
CGAGGGACTGCGGTCG-1,1,38,78,13234,16456
CGAGGGTATCCAGGTG-1,1,64,60,19793,13839
CGAGTACTAAAGAGGA-1,1,45,35,14995,10217
CGAGTGAAGGTACCAG-1,1,55,29,17518,9344
CGAGTGCTATAGTTCG-1,1,10,38,6161,10660
CGAGTTCTGTCCCACC-1,1,27,85,10458,17473
CGAGTTTATCGGACTG-1,1,37,93,12983,18632
CGATACCTCGCGGACA-1,1,40,48,13734,12104
CGATCCGACCCAGTGC-1,1,38,50,13230,12394
CGATCCTCGCAACATA-1,1,66,40,20296,10937
CGATCTGTTGGAGGAC-1,1,46,24,15246,8621
CGATGGACCCTACGCC-1,1,22,96,9198,19070
CGATTAAATATCTCCT-1,1,56,62,17775,14131
CGATTCGCCTGGCTGC-1,1,57,73,18028,15726
CGCAAACACGAGTTAC-1,1,27,37,10452,10511
CGCAATTACTTTCGGT-1,1,23,33,9442,9932
CGCAATTAGGGTAATA-1,1,28,44,10705,11526
CGCAATTCTACAATAA-1,1,26,28,10198,9206
CGCACATGTCCACTAC-1,1,39,87,13487,17761
CGCACGTGCGCTATCA-1,1,39,99,13489,19501
CGCAGAAACATTTGCG-1,1,8,58,5659,13561
CGCAGGCGATCCAAAC-1,1,52,102,16770,19934
CGCATGGTGCGATGCT-1,1,40,66,13737,14714
CGCATTAGCTAATAGG-1,1,27,57,10455,13412
CGCCAAGAAGCCGAGT-1,1,39,17,13478,7607
CGCCACAGGTCGCGAT-1,1,49,9,16001,6444
CGCCATCCGATTATGA-1,1,24,80,9700,16749
CGCCCAGCGTTTCACG-1,1,65,89,20050,18045
CGCCCGCTTCCGTACA-1,1,18,80,8186,16750
CGCCGCCCATGCCTGT-1,1,39,83,13487,17181
CGCCTCCCTCCTCTAT-1,1,43,73,14495,15729
CGCCTGGCCTACGTAA-1,1,41,27,13984,9057
CGCGACCGCGACAGAT-1,1,59,81,18534,16886
CGCGAGTCTGCCGGGT-1,1,52,20,16760,8039
CGCGCAAATGTCCAGA-1,1,56,24,17770,8619
CGCGCATGTTTGATTG-1,1,50,54,16259,12972
CGCGCCCGACTTAATA-1,1,21,75,8943,16024
CGCGGCTCAACTTGAA-1,1,43,97,14498,19210
CGCGGGAATTAGGCAG-1,1,28,80,10710,16748
CGCGTTCATGAAATAC-1,1,27,51,10454,12542
CGCTACGGGACATTTA-1,1,38,48,13230,12104
CGCTAGAGACCGCTGC-1,1,39,101,13489,19792
CGCTATACCGCCCACT-1,1,14,36,7171,10369
CGCTATTCAATGTATG-1,1,19,31,8432,9642
CGCTATTCTTAGGCTC-1,1,38,60,13231,13845
CGCTCGACATAATGAT-1,1,21,45,8939,11673
CGCTCTCCGTAGATTA-1,1,33,37,11966,10510
CGCTGGTGACTACCCT-1,1,48,98,15760,19354
CGCTGTGACGCCGCAC-1,1,25,47,9948,11962
CGCTGTGTGGATGTTG-1,1,59,43,18529,11374
CGCTTAGTATTGATAC-1,1,66,52,20297,12678
CGCTTATTCCCGGTCG-1,1,42,30,14237,9492
CGCTTCCACTGAAATC-1,1,18,42,8181,11238
CGCTTTCATACCGGTG-1,1,14,50,7172,12400
CGCTTTCTTGCATTCG-1,1,31,85,11468,17473
CGGAACGTAAACATAG-1,1,47,45,15501,11667
CGGAGCAATTTAATCG-1,1,54,60,17270,13841
CGGAGCATGGCGATCC-1,1,39,67,13485,14860
CGGAGCTTATAACACC-1,1,10,86,6168,17622
CGGAGTTTGAGAGACA-1,1,30,34,11209,10075
CGGATCCTCAAGGACT-1,1,60,80,18787,16741
CGGCAAACATCGTGCG-1,1,52,66,16766,14712
CGGCAGGGTCGGGTTG-1,1,32,94,11721,18778
CGGCCACGCACAAAGT-1,1,35,59,12474,13700
CGGCCAGAGCGACCAT-1,1,67,49,20549,12242
CGGCCCAACCTGTAGT-1,1,28,112,10714,21390
CGGCCCAGGTATATCC-1,1,43,105,14499,20371
CGGCGCCATCAATCCC-1,1,59,93,18536,18627
CGGCTCTAAAGCTGCA-1,1,46,110,15257,21095
CGGCTTTGTATGATAA-1,1,8,56,5659,13271
CGGGAATATAGTATAC-1,1,47,105,15509,20370
CGGGAATTTATGTAAA-1,1,45,65,14999,14568
CGGGAGCTTCAGTGTA-1,1,49,91,16012,18339
CGGGATCAATGTAAGA-1,1,23,59,9445,13703
CGGGCAGCTAAACCGC-1,1,32,56,11716,13266
CGGGCCTTCTTTGTAA-1,1,41,55,13988,13119
CGGGCGATGGATCACG-1,1,69,75,21057,16013
CGGGTGTACCCATTTA-1,1,32,86,11720,17617
CGGTACTAGAATCAAA-1,1,43,83,14496,17180
CGGTAGAGGTGCAGGT-1,1,22,92,9197,18490
CGGTCAAGTGGGAACC-1,1,26,80,10205,16748
CGGTCCGTCGCAAGCC-1,1,63,51,19540,12533
CGGTCTATCAACCCGT-1,1,18,82,8186,17040
CGGTGAAGACTAAAGT-1,1,35,23,12469,8478
CGGTGCAGATAGAACG-1,1,42,36,14238,10362
CGGTGCGCGTTGGTCC-1,1,49,39,16005,10796
CGGTGGGCTCCAGCCT-1,1,15,99,7431,19507
CGGTGTACTTGATCCC-1,1,17,31,7927,9643
CGGTTATCCAACAGTG-1,1,30,98,11217,19358
CGGTTCAAGTAGGTGT-1,1,24,98,9703,19360
CGGTTGACCTGGCATA-1,1,39,25,13479,8768
CGTAACTTCGACACTT-1,1,68,50,20802,12387
CGTACCTGATAGGCCT-1,1,22,68,9194,15009
CGTAGCGAATTGTCAG-1,1,13,71,6923,15446
CGTATTAAGAGATCTA-1,1,32,54,11716,12976
CGTCAAGGCTATAAAT-1,1,30,14,11206,7174
CGTCACGTCCATTGGT-1,1,47,51,15502,12537
CGTCGCATGTGAGCCA-1,1,65,77,20048,16304
CGTCGCTTGGTTATAC-1,1,63,25,19537,8762
CGTCGGATAGTGTTGA-1,1,34,96,12226,19067
CGTCGGGTCTAAGCGC-1,1,54,22,17265,8329
CGTCGTCCTTCGCGAA-1,1,56,76,17776,16161
CGTCTGGAAGGGCCCG-1,1,16,62,7679,14140
CGTGAAGTTAATTCAC-1,1,40,56,13736,13264
CGTGACATTGGGTCGT-1,1,15,83,7429,17186
CGTGACCAGTCCTCTG-1,1,63,55,19540,13114
CGTGCAGACTGGGACA-1,1,40,74,13738,15875
CGTGCATTGTCGACGC-1,1,39,31,13480,9638
CGTGCCCTCCCGAAGA-1,1,43,77,14495,16309
CGTGCTTCTACCTAAA-1,1,62,28,19285,9197
CGTGGCCGAATATCTA-1,1,47,101,15508,19790
CGTGGTACCCAAAGGC-1,1,66,42,20296,11227
CGTGTCCCATTCGCGA-1,1,28,40,10705,10946
CGTGTCTCGTTACGAC-1,1,60,34,18781,10068
CGTTAAACTAGTTAGG-1,1,49,111,16014,21240
CGTTAATGTCCCGACG-1,1,59,87,18535,17756
CGTTAGCTCACAACTG-1,1,14,90,7178,18202
CGTTCAGACCCGCGAA-1,1,65,61,20046,13984
CGTTCATGGTGCGCGT-1,1,48,20,15750,8040
CGTTGAATACCGCGCT-1,1,57,77,18029,16306
CGTTGAGCGACCGTCG-1,1,44,74,14747,15874
CGTTGTAAGATTGATT-1,1,26,108,10209,20810
CGTTGTCGGCAATTGA-1,1,64,66,19794,14709
CGTTGTTTCAATTCCC-1,1,34,40,12219,10944
CGTTTAAGCGGAGCAC-1,1,13,59,6921,13705
CGTTTCACTTCGGGCG-1,1,18,92,8188,18491
CGTTTCGCTCATTACA-1,1,35,49,12473,12250
CGTTTGTGTAGAGGGT-1,1,55,41,17519,11085
CTAAAGAATGCCTACT-1,1,36,36,12723,10364
CTAAAGGGAAATAGGA-1,1,44,62,14746,14133
CTAAATCCGGTGTACA-1,1,61,35,19033,10213
CTAAATCCTATTCCGG-1,1,26,84,10206,17329
CTAACCGCGCGCCCGT-1,1,37,35,12976,10218
CTAACGAAACTTGCTG-1,1,30,94,11217,18778
CTAACTGATAATCGCC-1,1,58,102,18285,19932
CTAACTGGTCCGGTTC-1,1,50,36,16257,10361
CTAAGGGAATGATTGG-1,1,44,72,14747,15584
CTAATTCGCACGCGCT-1,1,28,34,10704,10075
CTAATTCTCAGATATT-1,1,27,105,10461,20375
CTAATTTCAACAACAC-1,1,21,27,8936,9062
CTACACTCGCAGATGG-1,1,57,101,18032,19787
CTACCCTAAGGTCATA-1,1,31,91,11469,18343
CTACGACTAGCTATAA-1,1,38,24,13227,8623
CTACGCACGGAGTACC-1,1,35,57,12474,13410
CTACGCCATTTCCGAT-1,1,12,80,6672,16752
CTACTATCATAGGTTT-1,1,53,25,17013,8764
CTACTATCTTTCAGAG-1,1,29,93,10964,18633
CTACTCAAGGTATAGT-1,1,60,42,18782,11229
CTACTCTAGGCCCGGC-1,1,31,25,11460,8769
CTACTGCCACCTGACC-1,1,27,63,10455,14282
CTAGATGTGAGTGTAA-1,1,33,103,11975,20083
CTAGATTTACGACGGC-1,1,42,74,14243,15874
CTAGCATAGTATAATG-1,1,34,66,12222,14716
CTAGCCGATGTTATGA-1,1,23,101,9451,19795
CTAGGCGCCCTATCAG-1,1,51,91,16516,18338
CTAGGTCTGAAGGAAT-1,1,36,104,12732,20227
CTAGGTTCGGACGTGA-1,1,58,70,18280,15291
CTAGTAGAAAGGGATT-1,1,63,81,19544,16885
CTAGTATTCGGAATTA-1,1,14,80,7176,16751
CTAGTCACGTCTTAAG-1,1,37,69,12980,15150
CTAGTGAAGGACAGGA-1,1,34,38,12219,10654
CTAGTTACAACCCGGT-1,1,53,67,17018,14857
CTAGTTGGGCCCGGTA-1,1,26,68,10204,15008
CTATAAGAGCCAATCG-1,1,26,100,10208,19649
CTATCGACGAAATACA-1,1,53,93,17021,18628
CTATCGGGTCTCAACA-1,1,35,69,12475,15151
CTATGCCCGAATGCAA-1,1,63,59,19541,13694
CTATGGGAAGCGGAAT-1,1,54,104,17275,20223
CTATGTCACTAGCCCA-1,1,30,66,11213,14717
CTATGTCTATTGAAAC-1,1,11,55,6416,13125
CTATTCATGTGTCCCA-1,1,52,62,16765,14132
CTATTTGGTTACGGAT-1,1,36,82,12729,17036
CTCAAACCACTGCCCG-1,1,64,40,19791,10938
CTCAACTAACCCGGAT-1,1,63,85,19544,17465
CTCACATTTACTAAAT-1,1,62,68,19290,15000
CTCACTGTGATACTTA-1,1,63,75,19543,16015
CTCACTTGGCTGGTAA-1,1,40,26,13732,8912
CTCAGGACTCACCTGT-1,1,16,30,7675,9498
CTCAGTCACGACAAAT-1,1,24,96,9702,19070
CTCATGGCTCACAATC-1,1,13,63,6922,14285
CTCATGGTAATTTGCG-1,1,50,26,16256,8910
CTCATTGCTCTAACAA-1,1,60,78,18786,16451
CTCATTTGATGGGCGG-1,1,22,62,9193,14138
CTCCCTCCTTTCGATC-1,1,51,23,16508,8475
CTCCGGCCTAATATGC-1,1,19,59,8436,13704
CTCGAGGTCGAACAGT-1,1,29,59,10960,13702
CTCGATATTTGCGAGC-1,1,23,99,9450,19505
CTCGCACCTATATAGT-1,1,24,68,9699,15008
CTCGGGTTCTCTGGCC-1,1,61,27,19032,9053
CTCGGTACCACTGCTC-1,1,41,81,13991,16890
CTCGGTCCGTAGCCTG-1,1,18,50,8182,12399
CTCGGTTGTCGGCCCT-1,1,56,26,17770,8909
CTCGTTTCTAATGTTT-1,1,22,104,9199,20231
CTCTAATGCATTGATC-1,1,24,110,9704,21100
CTCTACACTGGCGATT-1,1,43,17,14488,7606
CTCTATTTGGCTGCAG-1,1,48,68,15756,15003
CTCTCACAATCGATGA-1,1,32,70,11718,15297
CTCTCTAACTGCCTAG-1,1,57,21,18022,8183
CTCTGGACGCCTGGTG-1,1,32,62,11717,14136
CTCTGTTTGAGGATTC-1,1,14,72,7175,15591
CTCTTCTATTGACTGG-1,1,46,100,15256,19645
CTCTTCTGGAAGTTAG-1,1,62,40,19286,10938
CTCTTGTCCCGCTTGG-1,1,54,58,17269,13551
CTGAAAGAGATCCGAC-1,1,19,69,8437,15154
CTGAATCCGAGACCTC-1,1,47,53,15502,12827
CTGAATTTATTGCCAG-1,1,22,106,9199,20521
CTGACTGCGCAGCTCG-1,1,31,101,11470,19793
CTGAGCAAGTAACAAG-1,1,15,25,7422,8773
CTGATAGTGTATCTCA-1,1,32,16,11711,7464
CTGCACAACTACATAT-1,1,50,76,16262,16163
CTGCACCTGGAACCGC-1,1,15,49,7425,12254
CTGCACTCCAGTACAG-1,1,54,70,17271,15292
CTGCCAAGGTTGGAAG-1,1,21,77,8943,16314
CTGCCATGCATCACAT-1,1,40,62,13736,14134
CTGCCTTTAATACCTT-1,1,64,28,19789,9197
CTGCCTTTCTAGTAAA-1,1,63,93,19545,18626
CTGCGGGTGAAATGTT-1,1,31,23,11460,8479
CTGCGTTACGATATAA-1,1,16,90,7683,18201
CTGCTGAGGCCACGAA-1,1,49,35,16004,10216
CTGCTTGGCGATAGCT-1,1,53,75,17019,16017
CTGGAAATGGATGCTT-1,1,29,53,10959,12831
CTGGAAGACACGGTGG-1,1,50,88,16264,17903
CTGGACGCAGTCCGGC-1,1,51,13,16506,7024
CTGGATTTACACTTGA-1,1,49,55,16007,13117
CTGGCATCCGAATGAG-1,1,48,26,15751,8911
CTGGCGACATAAGTCC-1,1,17,81,7934,16896
CTGGCGCACAGGTCTG-1,1,37,89,12983,18051
CTGGCGGGAATAAGTA-1,1,20,22,8683,8337
CTGGCTGATTCATCCT-1,1,44,96,14750,19065
CTGGCTGGTTGTCAGT-1,1,54,56,17269,13261
CTGGGATAAATAATGG-1,1,38,84,13234,17326
CTGGGCCTGCTATATC-1,1,44,30,14742,9492
CTGGGTAGGCAGTTAA-1,1,43,79,14496,16599
CTGGTAACACATAGAA-1,1,42,88,14244,17905
CTGGTAACGAGCTCTT-1,1,29,97,10965,19214
CTGGTTTCGAGCAAGA-1,1,46,88,15254,17904
CTGTAGTGAGGATCGA-1,1,69,43,21053,11372
CTGTATGGTGTAGAAA-1,1,20,32,8685,9787
CTGTCAAATGGCTCGG-1,1,23,83,9448,17184
CTGTGCAGGGTAGGTC-1,1,42,70,14242,15294
CTGTGGTCGGGAGATA-1,1,55,89,17526,18047
CTGTTACCCAATCTAG-1,1,48,58,15755,13552
CTGTTCACTGCCTGTG-1,1,22,56,9192,13268
CTGTTCATCTCACGGG-1,1,22,34,9190,10077
CTTAACTTCGAAGTAC-1,1,11,63,6417,14286
CTTACACGGTATTCCA-1,1,31,45,11463,11670
CTTACACTGGGAAATA-1,1,16,48,7677,12109
CTTAGCCTTCCACATG-1,1,22,78,9195,16459
CTTAGTAGGCCTACAG-1,1,32,102,11722,19938
CTTAGTGTAGTAGCAT-1,1,61,83,19039,17176
CTTATGCGCTCAGGGC-1,1,43,11,14487,6736
CTTCAACTCCACTTGG-1,1,59,77,18534,16306
CTTCAGTGGTCGCCTA-1,1,54,18,17264,7749
CTTCATAGCTCAAGAA-1,1,19,37,8433,10513
CTTCATTGTCAGTGGA-1,1,36,60,12726,13845
CTTCGGCCAATTGTTT-1,1,50,110,16267,21095
CTTCGTAGATAGGTGA-1,1,39,45,13482,11669
CTTCTATGTTGAAGTA-1,1,46,28,15246,9201
CTTCTATTAATGCTAG-1,1,51,47,16511,11956
CTTCTGGGCGTACCTA-1,1,66,34,20295,10067
CTTCTTACGTCGTATA-1,1,14,60,7174,13850
CTTGACCCGAAAGATA-1,1,9,57,5911,13416
CTTGAGTTAGGGTAAT-1,1,39,93,13488,18631
CTTGCAACCGCCTCCT-1,1,43,25,14489,8767
CTTGCCCAGGCTCTAC-1,1,45,55,14997,13118
CTTGGCCAAGCTGGGA-1,1,61,57,19036,13404
CTTGTACTTGTTGACT-1,1,21,51,8939,12543
CTTGTCAACATTCGAG-1,1,50,66,16261,14712
CTTGTGAGTCTTTGAC-1,1,10,34,6161,10080
CTTGTGCTCACCGATT-1,1,22,94,9197,18780
CTTGTTGCTGAGTCAA-1,1,38,80,13234,16746
CTTGTTTATGTAGCCA-1,1,18,28,8179,9207
CTTTAACTTTCAAAGG-1,1,23,67,9446,14863
CTTTAATATTGGTCGA-1,1,51,73,16514,15727
CTTTACCGAATAGTAG-1,1,50,84,16263,17323
CTTTAGGAACACTGTT-1,1,41,87,13992,17760
CTTTAGTGCTATTATT-1,1,44,64,14746,14423
CTTTCTGTGCGGGCTT-1,1,54,66,17270,14711
CTTTGCATCGCTCTTG-1,1,60,94,18788,18771
CTTTGGCGCTTTATAC-1,1,32,18,11711,7754
CTTTGGCTTTAGTAAA-1,1,32,40,11714,10945
CTTTGGGATTGTTGCA-1,1,62,44,19287,11518
GAAACAGATGACCACC-1,1,40,92,13740,18486
GAAACAGCCATGCAGT-1,1,13,61,6922,13995
GAAACATAGGAAACAG-1,1,60,20,18779,8037
GAAACCATGGTGCGCT-1,1,27,109,10461,20955
GAAACCGAATTACCTT-1,1,45,51,14997,12538
GAAACTCGTGCGATGC-1,1,28,24,10703,8625
GAAACTCTAATGAAGG-1,1,13,73,6923,15736
GAAAGAACAGCGTTAT-1,1,37,103,12984,20082
GAAAGCCCTTTGGACC-1,1,35,21,12469,8188
GAAAGTGACTAACTGC-1,1,25,31,9946,9641
GAAATACTAAACGTTT-1,1,18,22,8178,8337
GAAATATCACCATCAG-1,1,33,23,11964,8479
GAAATCGCGCGCAACT-1,1,18,68,8184,15010
GAAATGGCGGTGTTAG-1,1,30,52,11211,12686
GAAATTAGCACGGATA-1,1,18,96,8188,19071
GAAATTCACATCGCTG-1,1,13,49,6920,12255
GAAATTGTCTCTATAA-1,1,43,53,14492,12828
GAACACACATCAACCA-1,1,22,50,9192,12398
GAACAGATTACTAAAT-1,1,57,71,18028,15436
GAACCTCGACCTACAC-1,1,41,9,13982,6446
GAACCTTTAACGATCC-1,1,63,79,19544,16595
GAACGACCGAATGATA-1,1,19,63,8436,14284
GAACGTCTCATGGTCG-1,1,31,87,11468,17763
GAACGTTAGGAAGACG-1,1,33,15,11963,7318
GAACTGTGGAGAGACA-1,1,68,66,20804,14708
GAAGAAACGATATTGT-1,1,59,29,18527,9343
GAAGAACGGTGCAGGT-1,1,14,40,7171,10949
GAAGCCACTGATTATG-1,1,65,69,20047,15144
GAAGCCTGCACATTCC-1,1,61,61,19036,13984
GAAGCGTGAGGAATTT-1,1,34,60,12222,13846
GAAGCTCGGACCCGTC-1,1,55,21,17517,8184
GAAGCTTGCTGACCGC-1,1,29,35,10956,10220
GAAGGAGTCGAGTGCG-1,1,66,60,20298,13838
GAAGTCAGTTGCACTA-1,1,52,58,16765,13551
GAAGTCTCCCTAGCGA-1,1,37,91,12983,18342
GAAGTGATTTATCGTG-1,1,39,47,13482,11959
GAAGTGCTGGATAGCT-1,1,15,61,7426,13995
GAAGTTTCCACTCAAT-1,1,36,46,12725,11814
GAATAGACGCGACCCA-1,1,42,92,14245,18485
GAATAGTGCTCGATTA-1,1,60,36,18781,10358
GAATATTCGGAGTCCC-1,1,13,83,6924,17187
GAATCGACATGGTCAC-1,1,26,42,10200,11236
GAATCGCCGGACACGG-1,1,11,41,6414,11095
GAATCTGAACATTCTC-1,1,42,64,14241,14424
GAATGCGAATCGGTTC-1,1,63,69,19542,15144
GAATGTATGGCAGGTC-1,1,15,91,7430,18347
GAATGTGGTCCGGATT-1,1,43,81,14496,16890
GAATGTTGGGTAATCT-1,1,23,69,9447,15154
GAATTATAGTGAAAGG-1,1,34,68,12223,15006
GAATTCACCCGGGTGT-1,1,47,55,15502,13117
GAATTTCTCGCTGCAG-1,1,28,30,10703,9495
GACAAACATATGCAGG-1,1,44,100,14751,19645
GACAACGACCATTGAA-1,1,25,77,9952,16313
GACAACGCAGCTTACG-1,1,20,54,8687,12978
GACACAAGGGAAGAAA-1,1,30,72,11214,15587
GACACGAGTTAGAGGA-1,1,19,25,8431,8772
GACACTGAGTTCAGTG-1,1,44,46,14744,11812
GACAGCCAGACCTGAC-1,1,42,86,14244,17615
GACAGGCACACACTAT-1,1,38,22,13226,8333
GACATCCGTCGAACTG-1,1,65,71,20047,15434
GACATCGATTTATAAC-1,1,52,50,16763,12391
GACCAGAGCCCTGTAG-1,1,31,47,11463,11961
GACCCAATTATGATAC-1,1,54,20,17264,8039
GACCCGTCGCCGGCTA-1,1,9,59,5912,13706
GACCGACGTGAAAGCA-1,1,38,112,13238,21387
GACCGACTGAAGCGTC-1,1,34,22,12217,8333
GACCGTCAGGTCGTGA-1,1,13,81,6924,16896
GACCGTGCTGACGGTG-1,1,40,52,13735,12684
GACCGTTACATGCGAC-1,1,38,6,13224,6012
GACCTTCCACGTCTAC-1,1,66,74,20300,15869
GACGACGATCCGCGTT-1,1,52,70,16766,15292
GACGAGGCTAATAAAC-1,1,56,100,17780,19643
GACGCCGTAAAGGCTA-1,1,54,54,17269,12971
GACGGTCAATAGAAGC-1,1,30,100,11217,19649
GACGTGTAGGGATTAT-1,1,28,32,10704,9785
GACTAAGATCATGCAC-1,1,23,53,9444,12833
GACTAAGTAGGCTCAC-1,1,27,43,10453,11381
GACTACAAAGCGGTGG-1,1,49,21,16002,8185
GACTAGGCCGTTAGGT-1,1,66,78,20301,16449
GACTCACCCACGTGAG-1,1,38,106,13237,20517
GACTCCCAGAATAAGG-1,1,27,111,10462,21245
GACTCGCGGGAATGAC-1,1,28,96,10712,19069
GACTGCAAATCGAGCT-1,1,59,75,18533,16016
GACTGCACCAGCCCAG-1,1,46,80,15253,16744
GACTGCGGCACGTGTA-1,1,27,15,10449,7320
GACTGCTGGTGAGAAA-1,1,67,39,20548,10792
GAGACTGATGGGTAGA-1,1,28,56,10707,13267
GAGACTTCGCGACCGA-1,1,53,57,17017,13406
GAGAGGGCGCGAGGTT-1,1,38,40,13229,10944
GAGAGGTGCATTCTGG-1,1,44,28,14741,9202
GAGATCTGCTTGGCAT-1,1,34,44,12220,11525
GAGATCTGTCACTCCG-1,1,30,74,11214,15877
GAGATCTTCCATGACA-1,1,45,77,15000,16309
GAGATGGGAGTCGACA-1,1,52,72,16766,15582
GAGCATCAACAACTTG-1,1,64,30,19790,9487
GAGCATCATCCCTGGG-1,1,12,40,6666,10949
GAGCCACGGTAGTAGG-1,1,9,47,5910,11966
GAGCCAGCTACCTGTG-1,1,53,89,17021,18048
GAGCGAGGGAGTACCG-1,1,14,58,7174,13560
GAGCGCAAATACTCCG-1,1,51,107,16519,20659
GAGCGCGCACGAGTAG-1,1,49,93,16012,18629
GAGCGCTGTTAGGTAA-1,1,61,23,19031,8472
GAGCGGAATGCGGTGT-1,1,68,48,20801,12097
GAGCTAAGGGCATATC-1,1,29,83,10963,17183
GAGCTCTCGGACCTAA-1,1,15,33,7423,9933
GAGGAATGGAGAGGTT-1,1,27,31,10451,9641
GAGGATAAACAGTGCT-1,1,40,114,13743,21677
GAGGCCCGACTCCGCA-1,1,55,23,17517,8474
GAGGCTATCAAAGTCG-1,1,35,27,12470,9059
GAGGGAGTCAGATCGC-1,1,65,41,20043,11082
GAGGGCATCGCGTATC-1,1,11,33,6413,9934
GAGGGCGCAGCTCTGC-1,1,27,89,10459,18054
GAGGGTAGTAACAAAG-1,1,63,31,19537,9632
GAGGTACATCCATCTT-1,1,12,68,6670,15011
GAGGTACGCGTGTCCC-1,1,67,67,20552,14853
GAGGTCCCAAAGATCT-1,1,18,26,8179,8917
GAGTAAGGCCACGGGA-1,1,48,14,15749,7170
GAGTACGGGTATACAA-1,1,15,43,7424,11384
GAGTAGATACTAGTTG-1,1,62,64,19289,14419
GAGTATGCCCGCCTTG-1,1,49,43,16005,11376
GAGTATGCGCGTGCAT-1,1,63,71,19543,15435
GAGTCCGCTTACCGGA-1,1,46,58,15250,13553
GAGTGTCAACCAGAAA-1,1,63,83,19544,17175
GAGTGTGCGGTACCCA-1,1,44,88,14749,17905
GAGTTGATGGCAATTT-1,1,51,19,16507,7894
GATAAATCGGTGGATG-1,1,15,41,7424,11094
GATAACTCGCACTGTG-1,1,39,89,13487,18051
GATACGATGGGAGTCA-1,1,45,45,14996,11667
GATAGGTAACGTTGAC-1,1,48,60,15755,13842
GATAGTGCGAGTAAGT-1,1,68,44,20801,11517
GATATCTCATGCAATA-1,1,12,58,6669,13560
GATATGAGACACTAAC-1,1,39,81,13486,16891
GATATGCGGTAGCCAA-1,1,19,91,8440,18346
GATATGGATTACGCGG-1,1,28,18,10702,7755
GATATTTCCTACATGG-1,1,17,89,7935,18056
GATCAACATAAAGGGA-1,1,62,36,19286,10358
GATCATTCCAAACATT-1,1,30,56,11212,13266
GATCCCTTTATACTGC-1,1,28,60,10707,13847
GATCCGGGAATTAACA-1,1,39,73,13485,15730
GATCCTAAATCGGGAC-1,1,27,95,10460,18924
GATCCTCGACACTGGC-1,1,50,32,16256,9780
GATCGACACTATCTGA-1,1,27,47,10453,11961
GATCGCGGGCTCTCCA-1,1,36,52,12725,12685
GATCGCTACCCGATTT-1,1,50,98,16265,19354
GATCGCTATATCTCAG-1,1,61,25,19032,8762
GATCGGATAGAACCAT-1,1,41,13,13982,7026
GATCGGTGGCCATAAC-1,1,28,68,10708,15007
GATCGTGACTGATATC-1,1,38,72,13233,15585
GATCTGCTATCTAAGG-1,1,62,56,19288,13259
GATCTTGGAGGGCATA-1,1,44,70,14747,15294
GATCTTTGCAGGGTAT-1,1,36,38,12724,10654
GATGACAAGTAGGGCA-1,1,57,33,18023,9924
GATGAGGAACCTTCGG-1,1,67,81,20553,16884
GATGCGTCCTGCATTC-1,1,37,57,12978,13410
GATGCTACAAGCGCCT-1,1,17,51,7930,12544
GATGCTGTATTTCATC-1,1,43,75,14495,16019
GATGGCGCACACATTA-1,1,19,29,8432,9352
GATGGTGCCCTAGGCA-1,1,10,78,6167,16462
GATGTAACGAACCACC-1,1,51,21,16507,8185
GATGTCGGTCAACTGC-1,1,9,73,5914,15737
GATGTTCAATCCACGA-1,1,41,43,13986,11378
GATGTTTGTGCGAGAT-1,1,20,30,8684,9497
GATTAACCGAAAGCCC-1,1,55,93,17526,18628
GATTCCCTTGTCGCAG-1,1,25,67,9951,14863
GATTCCTATACGGCGC-1,1,25,23,9945,8481
GATTCGACGGTTCACG-1,1,41,71,13990,15440
GATTGCTCCAGTTGCA-1,1,63,27,19537,9052
GATTGGGAAAGGTTGT-1,1,66,80,20301,16739
GCAAACCCTACATTAT-1,1,48,82,15758,17034
GCAAACCTTGGCCATA-1,1,57,67,18028,14856
GCAAATATTACGCTTT-1,1,35,41,12472,11089
GCAACACACTAGAACT-1,1,46,16,15245,7460
GCAACAGCAGTATGCG-1,1,46,106,15256,20515
GCAACCACCAGACCGG-1,1,14,92,7178,18492
GCAACCACGGCCGCGT-1,1,43,29,14489,9347
GCAACGGCTAGTTATG-1,1,43,113,14500,21531
GCAAGAATTCCTTGGC-1,1,44,36,14742,10362
GCAAGTGCACAGAGAA-1,1,24,42,9695,11237
GCAAGTGTAAAGCATG-1,1,67,45,20549,11662
GCACAAACGAGGCGTG-1,1,46,114,15257,21676
GCACAAGTGTCGGAAG-1,1,10,64,6165,14431
GCACACACTGGTAGCC-1,1,56,94,17779,18772
GCACACGCCCATGGTC-1,1,34,10,12215,6593
GCACGCCTACTTAGAT-1,1,55,39,17519,10795
GCACTGCCTACCTTTA-1,1,66,68,20299,14999
GCAGACCCAGCACGTA-1,1,39,103,13489,20082
GCAGATTAGGGATATC-1,1,37,61,12979,13990
GCAGCACACAGCCCAG-1,1,38,42,13229,11234
GCAGCCTATATCACAT-1,1,35,113,12481,21533
GCAGGAACTTAGATCT-1,1,53,15,17011,7314
GCAGGACTATAGAATA-1,1,35,37,12471,10509
GCAGGTAGAGTATGGT-1,1,18,94,8188,18781
GCAGTGTGGCTATAGG-1,1,59,83,18535,17176
GCATACGAGGTCTTTA-1,1,38,14,13225,7172
GCATAGAGCACTCAGG-1,1,37,59,12979,13700
GCATCCCTAACTTTGA-1,1,16,42,7676,11239
GCATCGGCCGTGTAGG-1,1,49,103,16013,20079
GCATGAGGGACGCGGC-1,1,30,90,11216,18198
GCATTCAAGGCAACGC-1,1,28,108,10714,20809
GCATTCGAAATGAACA-1,1,28,14,10701,7174
GCATTGTAATTCATAT-1,1,41,21,13983,8187
GCATTTCCAAGGCTCC-1,1,33,111,11976,21243
GCCAACCATTTCCGGA-1,1,26,106,10209,20520
GCCAAGAATACTTCTG-1,1,46,10,15244,6590
GCCAATAGGGCATCTC-1,1,25,103,9956,20085
GCCACAATTTAAGGAC-1,1,45,39,14995,10797
GCCACTCAGAGCGCGA-1,1,59,95,18536,18917
GCCAGGAGTAACCGAT-1,1,21,89,8944,18055
GCCATATTGCACACAG-1,1,22,90,9197,18200
GCCATCGAGCTGCGTG-1,1,53,47,17015,11955
GCCATCGATGCTGCAT-1,1,32,110,11723,21099
GCCATTAGCCTCAAAC-1,1,55,13,17516,7023
GCCCACCAAGGCTGTC-1,1,12,38,6666,10659
GCCCAGTTGGTATGCC-1,1,22,38,9190,10657
GCCCGACTTCTTCCCG-1,1,49,25,16003,8765
GCCCGATCTGTGGTCG-1,1,53,63,17018,14276
GCCCGCGCGTAAACGG-1,1,49,41,16005,11086
GCCCGCGCGTTTGACA-1,1,20,40,8686,10948
GCCCGTAATACCTTCT-1,1,27,79,10457,16603
GCCCTAGCCGTCGCGA-1,1,54,16,17264,7459
GCCCTGAGGATGGGCT-1,1,68,74,20805,15869
GCCGAAATTCCTACGT-1,1,35,45,12472,11669
GCCGACCCACGACTGC-1,1,62,30,19285,9488
GCCGATTGGCCAAGCT-1,1,41,61,13989,13989
GCCGCATTAGTCCGGC-1,1,35,17,12468,7608
GCCGCTTGTGAGAAAC-1,1,36,40,12724,10944
GCCGGGTTAGGGTCGC-1,1,41,59,13988,13699
GCCTAGCGATCTGACC-1,1,20,42,8686,11238
GCCTATAGTGTCAGGG-1,1,29,91,10964,18343
GCCTATTCCGATATAG-1,1,24,30,9694,9496
GCCTATTTGCTACACA-1,1,8,50,5658,12401
GCCTCATCTGGAAATA-1,1,41,95,13993,18921
GCCTCCGACAATTCAC-1,1,60,98,18789,19352
GCCTCTATACATAGCA-1,1,55,75,17524,16017
GCGAAACTTAACTGGA-1,1,44,82,14748,17034
GCGAAGAATCTGACGG-1,1,66,84,20301,17320
GCGAAGCCATACCCGT-1,1,31,61,11465,13991
GCGACCCAACCATCTG-1,1,59,33,18528,9923
GCGACGATAGTTGTAC-1,1,48,54,15754,12972
GCGAGAGTTGCGTCCA-1,1,33,107,11975,20663
GCGAGCGCATGCTCCC-1,1,37,109,12985,20952
GCGAGGCCCGAGCAGA-1,1,37,47,12977,11959
GCGAGTTCTGCAAAGA-1,1,35,63,12474,14280
GCGATTCTGGAAGCAG-1,1,10,74,6166,15882
GCGATTGTTAACGTTA-1,1,37,77,12981,16311
GCGCAAATATATTCAA-1,1,58,28,18275,9198
GCGCAAGAGCGCGCTG-1,1,40,100,13741,19646
GCGCATCCAGTCAGCA-1,1,29,95,10964,18924
GCGCCGTTCCACGATA-1,1,41,65,13989,14569
GCGCCTCCCACTCCGA-1,1,48,110,15762,21095
GCGCGGTCTAGTAACT-1,1,68,60,20803,13838
GCGCTAATTGAATAGA-1,1,34,70,12223,15296
GCGCTATGCCGAGGCA-1,1,43,47,14492,11958
GCGCTGATCCAGACTC-1,1,17,87,7935,17766
GCGCTGCTTTGCATTT-1,1,28,94,10712,18779
GCGCTTAAATAATTGG-1,1,57,89,18031,18047
GCGGACCGCGTTGTGG-1,1,51,43,16510,11376
GCGGAGAAACTTCGCA-1,1,55,33,17518,9924
GCGGAGAGGGAGAACG-1,1,46,78,15253,16454
GCGGCAAAGTATTGCC-1,1,59,27,18527,9053
GCGGCTCTGACGTACC-1,1,38,38,13228,10653
GCGGGAACCAGGCCCT-1,1,18,48,8182,12109
GCGGTCCCTAGACGCA-1,1,13,45,6919,11674
GCGGTGAACTGCGCTC-1,1,20,94,8693,18781
GCGGTTCCCTATCATG-1,1,47,49,15501,12247
GCGTAAATGGCCATAA-1,1,34,102,12227,19938
GCGTCGAAATGTCGGT-1,1,17,65,7932,14575
GCGTCGCCAGGGTGAT-1,1,54,62,17270,14131
GCGTGGTACTGGGTTA-1,1,35,95,12479,18922
GCGTTATATTTGGAAC-1,1,31,13,11458,7029
GCGTTCGGAGACCGGG-1,1,19,103,8441,20086
GCTAAACCTGAGGTGA-1,1,23,23,9441,8481
GCTAACTGAAGTCTGA-1,1,58,88,18283,17902
GCTAAGTAAAGGCGAT-1,1,27,13,10449,7030
GCTAAGTAGTTTCTCT-1,1,34,80,12224,16747
GCTAATACCGAATGCC-1,1,21,47,8939,11963
GCTACAGTACGGACCG-1,1,40,14,13730,7172
GCTACGACTTATTGGG-1,1,43,69,14494,15149
GCTACTATAGTAGAGT-1,1,50,94,16264,18774
GCTAGACCGTCTACTG-1,1,42,104,14247,20226
GCTAGAGTAGAGATGT-1,1,56,96,17779,19062
GCTAGCTTGAATAGCT-1,1,52,44,16763,11521
GCTAGGCACCACGGAG-1,1,54,84,17273,17322
GCTAGTAGAGCTTGTA-1,1,39,65,13484,14570
GCTAGTTTCATTGAGG-1,1,17,37,7928,10513
GCTATACGTCTCGGAC-1,1,52,88,16768,17903
GCTATCGCGGCGCAAC-1,1,20,24,8683,8627
GCTCAATCCGTTTATT-1,1,53,35,17014,10215
GCTCAATGTAATACCG-1,1,62,58,19288,13549
GCTCATTACTGCATGT-1,1,13,93,6926,18637
GCTCCATGCAAAGCAA-1,1,69,55,21055,13112
GCTCCCAGTCGGTCCA-1,1,43,109,14500,20951
GCTCCGCTCGCTTCAG-1,1,42,112,14248,21386
GCTCCTGACATACTGG-1,1,56,32,17771,9779
GCTCGGAATTTAAAGC-1,1,22,84,9196,17330
GCTCTAAACCCTGACG-1,1,24,58,9697,13558
GCTCTATGTTACGTGC-1,1,26,40,10200,10946
GCTCTCGGGTACCGAA-1,1,26,58,10202,13557
GCTCTTTCCGCTAGTG-1,1,64,54,19793,12968
GCTGAATCTTCCAATC-1,1,59,23,18527,8473
GCTGAGGCGTGAGTAT-1,1,40,64,13737,14424
GCTGCACGGTTTCTTA-1,1,41,73,13990,15730
GCTGCTACTGCGTAGC-1,1,51,75,16514,16017
GCTGCTCTCCGGACAC-1,1,31,63,11465,14281
GCTGGCATATTCACCT-1,1,31,31,11461,9640
GCTGGCGGCGCATGCT-1,1,54,64,17270,14421
GCTGTATTACTGGCCC-1,1,46,38,15248,10652
GCTGTTGCTACCGAAC-1,1,39,95,13488,18921
GCTTAATGTAACTAAC-1,1,42,84,14244,17325
GCTTACGTAGTTAGTA-1,1,36,112,12733,21388
GCTTATGAAGCAGGAA-1,1,35,89,12478,18052
GCTTCCGTCCCTAGAC-1,1,29,77,10962,16313
GCTTGATGATAATCAG-1,1,22,36,9190,10367
GCTTGGATCGATTAGG-1,1,31,97,11469,19213
GCTTTCAGAGGAGGTG-1,1,33,95,11974,18923
GGAAACCTTGTTGAAT-1,1,20,106,8694,20521
GGAAAGTGCCCATGCC-1,1,20,90,8692,18200
GGAACCGTGTAAATTG-1,1,49,47,16006,11956
GGAACCTTGACTCTGC-1,1,59,21,18526,8183
GGAAGCTCGCTTACAG-1,1,11,83,6420,17187
GGAATGCGCTAGCGTG-1,1,32,82,11720,17037
GGACACAAGTTTACAC-1,1,47,111,15509,21240
GGACCAACAGGATAAC-1,1,51,67,16513,14857
GGACCTCTAGGCCGCC-1,1,58,30,18275,9488
GGACTCGACAGCGCAT-1,1,68,46,20801,11807
GGACTCGTGAGTGGTC-1,1,64,38,19791,10648
GGAGAAGTCATTGGCA-1,1,23,41,9443,11092
GGAGACGACACCTTTG-1,1,43,67,14494,14859
GGAGCAACATTTCAAG-1,1,57,103,18032,20078
GGAGCACCAAGAACTA-1,1,26,82,10205,17039
GGAGCGAGGCCTACTT-1,1,67,69,20552,15143
GGAGGGCTTGGTTGGC-1,1,32,78,11719,16457
GGAGTGCCGCCCTGGA-1,1,19,53,8435,12834
GGATACTCATGAATTG-1,1,9,45,5910,11675
GGATCATCCCGTACGC-1,1,17,101,7936,19797
GGATCCGGAATATACT-1,1,34,82,12225,17037
GGATCTTACTGCCCTT-1,1,65,35,20043,10212
GGATCTTGACTCAACC-1,1,51,17,16507,7604
GGATGAAGATCGCTGA-1,1,42,94,14245,18776
GGATGACGCGAGTTTA-1,1,37,45,12977,11669
GGATGCTGGCGTTCCT-1,1,39,19,13478,7897
GGATGTCCTTACCGCA-1,1,35,91,12478,18342
GGATTCAGTACGGTGG-1,1,19,33,8432,9932
GGATTCCGCTATACCC-1,1,19,81,8439,16895
GGATTGCTGTGACTCC-1,1,60,84,18787,17321
GGATTTCACTTCTATA-1,1,31,83,11468,17182
GGCAAAGGCGCCAATA-1,1,54,34,17266,10070
GGCAAATTACTTTACT-1,1,41,53,13988,12829
GGCAAGCCCATAGTGG-1,1,67,61,20551,13983
GGCAAGGCGAAATAGC-1,1,45,69,14999,15149
GGCAATAGTCAATGAG-1,1,30,70,11213,15297
GGCACTCCACTGGGCA-1,1,34,46,12220,11815
GGCAGCAAACCTATGC-1,1,51,103,16518,20079
GGCATACAGGTAGCGG-1,1,34,32,12218,9784
GGCATATCGGTTCTGC-1,1,17,83,7934,17186
GGCCCTCACCCACTTA-1,1,37,23,12974,8478
GGCCGAGACTCTGGTG-1,1,62,32,19285,9778
GGCCGGCGTCTGCTAT-1,1,65,79,20048,16594
GGCCGTTTGGGTTTCA-1,1,59,45,18530,11664
GGCCTTTGCAACTGGC-1,1,36,8,12720,6302
GGCGAAATCTAACTTG-1,1,43,87,14497,17760
GGCGCAGGACATCTTC-1,1,37,27,12975,9058
GGCGCATGAATTGATG-1,1,42,54,14240,12973
GGCGCGGAGATCTTTC-1,1,58,86,18283,17611
GGCGCGTTCGAGTTTA-1,1,47,59,15503,13698
GGCGCTTCATTCCCTG-1,1,67,71,20552,15434
GGCGGAGTAATATTAG-1,1,32,46,11715,11815
GGCGGTAGGATCATTG-1,1,31,69,11466,15152
GGCGTAGGGAAAGCTG-1,1,64,82,19796,17030
GGCGTCCTATCCGCTG-1,1,31,33,11461,9930
GGCTAAAGGGCGGGTC-1,1,19,99,8441,19506
GGCTATTAAGTTGTAT-1,1,33,41,11967,11090
GGCTCCTCCACCTGTT-1,1,59,35,18528,10213
GGCTCGCGTTGAGGTA-1,1,31,93,11469,18633
GGCTCGTGCCACCAGC-1,1,20,38,8685,10658
GGCTCTGCTCCAACGC-1,1,26,72,10204,15588
GGCTGAAATAGCAAAG-1,1,49,79,16010,16598
GGGAACGGGAGGTTAG-1,1,39,37,13481,10508
GGGAACGGTTTCAGAT-1,1,64,32,19790,9777
GGGAAGACGGTCTGTC-1,1,64,76,19796,16160
GGGAAGGGCTTTCTCA-1,1,63,87,19545,17755
GGGACAGAGTTACTCC-1,1,57,19,18021,7893
GGGACTGCATAGATAG-1,1,32,60,11717,13846
GGGAGAACTCACAGTA-1,1,32,64,11717,14426
GGGAGGATGCCCGAAA-1,1,37,51,12978,12539
GGGAGTAATGGCTGGC-1,1,10,42,6162,11240
GGGAGTTAATGAGGCG-1,1,33,75,11971,16022
GGGATGGTCGTAACCG-1,1,47,43,15501,11377
GGGATTTACCGCACCT-1,1,42,90,14245,18195
GGGCAACCGCACGTGC-1,1,55,19,17517,7894
GGGCCCGTCTTAAACA-1,1,42,52,14240,12683
GGGCCCTACGAAAGGG-1,1,38,16,13225,7462
GGGCCGGCCGAAGTAC-1,1,36,84,12730,17326
GGGCCTAAATGGGCTA-1,1,45,9,14991,6445
GGGCGATATGTGTGAA-1,1,28,58,10707,13557
GGGCGGCAAATGAATT-1,1,49,45,16006,11666
GGGCGGGTTCCCTACG-1,1,43,37,14490,10507
GGGCGGTCCTATTGTC-1,1,14,28,7170,9208
GGGCGTACATTTATAT-1,1,24,54,9697,12977
GGGCGTCACCACGTAA-1,1,48,50,15754,12392
GGGCGTCCACTGGCTC-1,1,16,84,7682,17331
GGGCGTGGTTTCCCAG-1,1,61,81,19039,16886
GGGCTCATCGAACCCA-1,1,25,89,9954,18054
GGGCTGCCTAGGGCGA-1,1,33,69,11970,15151
GGGTACTTCATGAACT-1,1,37,39,12976,10799
GGGTATGTATGCACTT-1,1,28,28,10703,9205
GGGTATTCTAGCAAAC-1,1,55,15,17516,7313
GGGTCACCGTGACGGT-1,1,35,47,12472,11960
GGGTCAGGAGCTAGAT-1,1,65,55,20045,13113
GGGTCGTGGCAAGTGT-1,1,25,107,9956,20665
GGGTGACACCTTAACT-1,1,46,56,15250,13263
GGGTGCATATGAAAGC-1,1,30,112,11219,21389
GGGTGTTTCAGCTATG-1,1,16,68,7680,15010
GGGTTAACATTTGAGT-1,1,54,50,17268,12390
GGGTTTAGGATAGGAT-1,1,43,107,14499,20661
GGTAAATGTGCGTTAC-1,1,11,81,6419,16897
GGTAACCGGGAGGATA-1,1,57,27,18022,9054
GGTAACTATGTATCTG-1,1,12,44,6667,11530
GGTACAAACATGCTAT-1,1,40,54,13735,12974
GGTACATCTGGGACGA-1,1,38,18,13226,7752
GGTACCATTAAGACGG-1,1,29,105,10966,20374
GGTAGAAGACCGCCTG-1,1,53,71,17019,15437
GGTAGACCGTTGGGCG-1,1,53,53,17016,12826
GGTAGTGCTCGCACCA-1,1,34,72,12223,15586
GGTATAGTGACACATA-1,1,34,114,12229,21678
GGTATTGCCGAGTTTA-1,1,33,53,11968,12830
GGTCAAGACTACTTCG-1,1,53,105,17023,20369
GGTCAGTGGGTCCCAC-1,1,48,62,15755,14132
GGTCGGATAAACGGCG-1,1,23,97,9450,19215
GGTCGGCCAGGAGCTT-1,1,32,84,11720,17327
GGTCGGTAATTAGACA-1,1,12,36,6666,10369
GGTCGTAAGCTCGCAC-1,1,49,19,16002,7895
GGTCTCTGAATGGACT-1,1,52,34,16761,10070
GGTCTGAGAATCTGGA-1,1,30,80,11215,16748
GGTCTTGAGCGCTCTT-1,1,65,65,20047,14564
GGTGAAGTACAGGGAT-1,1,47,37,15500,10506
GGTGAGATGCAGATAA-1,1,16,36,7675,10368
GGTGATAAGGAGCAGT-1,1,37,79,12981,16601
GGTGCATAAATGATTA-1,1,67,47,20549,11952
GGTGCGGATAAGTGGC-1,1,16,46,7677,11819
GGTGCTGATCACAAAG-1,1,27,21,10450,8190
GGTGCTGGTACACATT-1,1,42,46,14239,11813
GGTGGACTGCTCTGGC-1,1,55,85,17525,17467
GGTGTAAATCGATTGT-1,1,69,65,21056,14563
GGTGTAGGTAAGTAAA-1,1,70,50,21307,12387
GGTTACCACCCTCGGG-1,1,45,33,14994,9927
GGTTAGCTATATGTCT-1,1,47,87,15506,17759
GGTTAGGCTTGGAGAA-1,1,28,36,10704,10366
GGTTAGTTACGGCGCC-1,1,27,23,10450,8480
GGTTCGGATTATACTA-1,1,39,7,13477,6157
GGTTCTACTCGTCTGA-1,1,39,105,13490,20372
GGTTGTGTAGCCTGGC-1,1,33,13,11963,7028
GGTTTACAATCTCAAT-1,1,25,73,9952,15733
GGTTTAGCCTTTCTTG-1,1,46,102,15256,19935
GGTTTGAGTGCTGGAA-1,1,12,42,6667,11240
GTAACTTGCGGCAGTC-1,1,10,40,6162,10950
GTAAGCGGGCAGTCAG-1,1,23,63,9446,14283
GTAAGGATTTGTCGGA-1,1,10,68,6165,15011
GTAAGTAACAGTCTGG-1,1,40,82,13739,17035
GTAAGTAGGGTATACC-1,1,26,36,10199,10366
GTAATAAAGGGCTCCC-1,1,31,103,11470,20084
GTAATCTGATTCTTCG-1,1,50,44,16258,11521
GTACACTTACCTGAAG-1,1,36,64,12727,14425
GTACAGAGGCAAGGGT-1,1,37,83,12982,17181
GTACGAGATTGCGACA-1,1,21,57,8940,13413
GTACGCTTCATTGCAC-1,1,46,72,15252,15583
GTACGTTTGCCCGTCA-1,1,44,68,14747,15004
GTACTAAGATTTGGAG-1,1,27,55,10454,13122
GTACTCCCTTATCGCT-1,1,36,28,12722,9203
GTACTCCTGGGTATGC-1,1,26,102,10208,19940
GTACTGCATGAAGCGT-1,1,11,39,6414,10805
GTACTGGAGTTAGACC-1,1,33,81,11972,16892
GTACTTGGGCACTTCT-1,1,17,33,7927,9933
GTAGACAACCGATGAA-1,1,7,55,5406,13126
GTAGACGTCGTTACAT-1,1,13,39,6919,10804
GTAGAGGGAGACAAGT-1,1,51,31,16509,9635
GTAGCCAAACATGGGA-1,1,50,70,16261,15292
GTAGCGGCTATACACT-1,1,39,69,13485,15150
GTAGCTCCGGGAGGCT-1,1,65,37,20043,10502
GTAGCTTCCTCTTGTT-1,1,31,89,11468,18053
GTAGGTGATCCGTGTA-1,1,17,79,7933,16605
GTAGTCGCGGGAATCA-1,1,49,81,16010,16888
GTAGTCTACGATATTG-1,1,63,77,19543,16305
GTAGTTCGAAGGCGAA-1,1,65,39,20043,10792
GTATAGGACTCAGTAG-1,1,20,58,8688,13559
GTATCAAACGTTAGCT-1,1,55,97,17527,19208
GTATCAGCTTGGGTTC-1,1,20,34,8685,10077
GTATCCTTTGGTAACC-1,1,64,92,19798,18480
GTATCTCAGTCTTGAC-1,1,58,22,18274,8328
GTATCTTTCATAACCA-1,1,46,66,15251,14713
GTATGAAATTTCACTC-1,1,52,22,16760,8329
GTATGTGGGTCTAGTT-1,1,38,92,13235,18486
GTATTAAGGCGTCTAA-1,1,20,26,8684,8917
GTATTCTGAGAAACGA-1,1,48,38,15752,10651
GTCAAAGAAGTGGTGT-1,1,56,18,17769,7748
GTCAAAGTTTACATAG-1,1,13,29,6917,9354
GTCAAGCGGACTCGGG-1,1,39,77,13486,16310
GTCACAAAGTTTCCAA-1,1,9,61,5912,13996
GTCACTCTCCAAATCT-1,1,23,31,9442,9641
GTCAGAATAGTCTATG-1,1,30,32,11208,9785
GTCAGTTGTGCTCGTT-1,1,9,71,5913,15447
GTCAGTTTGGTAGTCG-1,1,29,13,10954,7029
GTCATGCACCTCCGTT-1,1,29,61,10960,13992
GTCATGGACATGACTA-1,1,26,62,10203,14137
GTCATTAGAGCGAACG-1,1,37,67,12980,14860
GTCATTGCATTGACCC-1,1,31,17,11459,7609
GTCCAATATTTAGCCT-1,1,65,53,20045,12823
GTCCATTACTGCTACG-1,1,42,106,14247,20516
GTCCCAACGTAAAGTA-1,1,33,73,11971,15731
GTCCGGACCTGAAATT-1,1,54,88,17273,17902
GTCCGGCTGAATTGCG-1,1,28,52,10706,12686
GTCCGGGTTCACATTA-1,1,69,71,21057,15433
GTCCTACGAATAGTCT-1,1,53,91,17021,18338
GTCCTTCTAGTGGGTT-1,1,10,82,6167,17042
GTCGCGTAACCCGTTG-1,1,39,75,13486,16020
GTCGGATATCTCAGAC-1,1,32,36,11714,10365
GTCGGATGTAGCGCGC-1,1,17,77,7933,16315
GTCGTACCATCTCGGG-1,1,46,62,15251,14133
GTCGTACCTACGATTG-1,1,37,9,12972,6447
GTCGTATTGGCGTACA-1,1,19,95,8440,18926
GTCGTGTCTGGTCATC-1,1,28,110,10714,21100
GTCGTTATTCGCTTAT-1,1,46,76,15252,16164
GTCTACTCAATTACAA-1,1,37,13,12973,7027
GTCTATCTGAGTTTCT-1,1,40,42,13734,11233
GTCTATTGGTTCCGGT-1,1,50,90,16264,18193
GTCTGGGCGGTCGAGA-1,1,46,44,15248,11522
GTCTTAGTACAGCCGG-1,1,12,78,6671,16462
GTCTTGTAGCTATTCA-1,1,44,112,14752,21386
GTGAAACGGCGCCACC-1,1,24,88,9701,17909
GTGAAACGTGCTCCAC-1,1,11,37,6414,10515
GTGAACTCCCATTCGA-1,1,30,104,11218,20229
GTGAAGATTTCAAGTG-1,1,21,103,8946,20086
GTGACAGCTTCCCACT-1,1,64,74,19795,15869
GTGACCGCACACTACG-1,1,39,91,13488,18341
GTGACGAGGGTGACCC-1,1,32,114,11724,21679
GTGACGCAGGTTTCAT-1,1,65,75,20048,16014
GTGACTTCAGTAGTGC-1,1,46,50,15249,12392
GTGAGCGTGCTGCACT-1,1,33,25,11965,8769
GTGAGGACACTTAAGG-1,1,41,77,13991,16310
GTGAGGAGCGGTTGAG-1,1,13,87,6925,17767
GTGAGTGGTACAACGC-1,1,52,56,16764,13261
GTGATCACTAACGCCT-1,1,47,97,15508,19210
GTGATCATAGATCTGC-1,1,45,57,14998,13408
GTGATCCTTGTCATGA-1,1,62,84,19292,17320
GTGATTCGCCGCTCAA-1,1,48,40,15753,10941
GTGCAACAAATGTGGC-1,1,14,62,7174,14140
GTGCACCAGCTTCAAC-1,1,66,54,20297,12968
GTGCACGAAAGTGACT-1,1,17,71,7932,15445
GTGCCATCACACGGTG-1,1,42,34,14237,10072
GTGCCCGTTCGGATTC-1,1,39,85,13487,17471
GTGCCGCTTCAAAGGT-1,1,44,44,14744,11522
GTGCGAAATCGAACAC-1,1,45,43,14996,11377
GTGCGGGTCTCCAAAT-1,1,20,56,8688,13268
GTGCGTGTATATGAGC-1,1,41,83,13991,17180
GTGCTCAAGTACTGTC-1,1,34,52,12221,12685
GTGCTGCAGATAAGGA-1,1,37,7,12972,6157
GTGGAACCTACATGCG-1,1,15,81,7429,16896
GTGGACCAACCCGATT-1,1,45,29,14994,9346
GTGGACGCATTTGTCC-1,1,56,64,17775,14421
GTGGACGTGCTGAGAC-1,1,17,39,7928,10803
GTGGAGTCGGCGGTTG-1,1,54,38,17267,10650
GTGGCAAACAGCGGCA-1,1,50,20,16255,8040
GTGGCGGTCCCAGCGT-1,1,40,20,13731,8042
GTGGGAAGACTGAATC-1,1,45,15,14992,7316
GTGGGCTTAGACACAC-1,1,29,39,10957,10801
GTGGTGGCCAAGTGAA-1,1,45,79,15000,16599
GTGGTTACTTCTTTCG-1,1,31,105,11470,20374
GTGGTTTCCGCCTTTC-1,1,42,32,14237,9782
GTGTACCTTGGCTACG-1,1,26,78,10205,16458
GTGTCAGTGTACGTGG-1,1,68,42,20801,11227
GTGTCGTATAGCGTTC-1,1,54,76,17272,16162
GTGTGAATAACTTAGG-1,1,33,83,11972,17182
GTGTTACTATGCGTCC-1,1,41,75,13990,16020
GTTAAAGTAGGACTGG-1,1,49,83,16011,17178
GTTAACATCACTTAAA-1,1,55,73,17524,15726
GTTAACTATGTTGTCA-1,1,43,111,14500,21241
GTTAATGTCTATCTTA-1,1,30,12,11206,6884
GTTACAATTGGTGACG-1,1,37,33,12975,9928
GTTACCTACAACTTGC-1,1,47,67,15504,14858
GTTACTTTGGGCCTAG-1,1,43,51,14492,12538
GTTAGCCCATGACATC-1,1,67,75,20553,16014
GTTAGCCGTAAATCAA-1,1,30,110,11219,21099
GTTAGGCTACCCGTTT-1,1,54,14,17264,7168
GTTATAATACGGTGAA-1,1,53,107,17023,20659
GTTATATTATCTCCCT-1,1,48,56,15755,13262
GTTCACAGGAGTCTAG-1,1,32,34,11713,10075
GTTCATCGTTTGGCTG-1,1,33,105,11975,20373
GTTCCAGTCTGACCAT-1,1,17,53,7930,12834
GTTCGCCATAAGTGCC-1,1,37,53,12978,12829
GTTCGGATCGGGAACA-1,1,44,110,14752,21096
GTTCGGGCGTACCATT-1,1,32,108,11723,20809
GTTCGTCTAAAGAACT-1,1,51,89,16516,18048
GTTGAACCGGTTCCAT-1,1,42,40,14238,10943
GTTGAGTCCCGCCGGT-1,1,52,78,16767,16452
GTTGCACGGAGTTTCG-1,1,24,48,9696,12107
GTTGGATTCAGTGGCT-1,1,16,96,7683,19072
GTTGGATTGAGAACAC-1,1,32,88,11721,17907
GTTGGATTTGCGTTGG-1,1,36,50,12725,12395
GTTGGTCATGCTATCC-1,1,55,63,17522,14276
GTTGTCGTGTTAGTTG-1,1,15,47,7424,11964
GTTTACGTTCCATCTG-1,1,48,64,15756,14423
GTTTCATATCGTCGCT-1,1,39,27,13479,9058
GTTTCCTGGAGGGTGA-1,1,25,49,9949,12252
GTTTCTGCAGTCTCCC-1,1,40,72,13738,15585
GTTTGACCAAATCCTA-1,1,30,58,11212,13556
GTTTGGCCCAAGTTAT-1,1,42,80,14243,16745
GTTTGGCCGCTCAGCG-1,1,12,32,6665,9789
GTTTGGGCTTGTGAGC-1,1,51,65,16513,14567
GTTTGGGTTTCGCCCG-1,1,63,91,19545,18336
GTTTGGTAGGGTCAAC-1,1,53,59,17017,13696
GTTTGGTGATCGGTGC-1,1,66,38,20295,10647
TAAACCCAGGAGGGCA-1,1,54,36,17266,10360
TAAAGAGCCCGAAACC-1,1,10,46,6162,11820
TAAAGCGTTAGGAGAA-1,1,28,88,10711,17908
TAAAGCTGCAATAGGG-1,1,17,97,7936,19216
TAAATGAATCCGTTTC-1,1,23,29,9441,9351
TAACAAAGGGAGAAGC-1,1,21,35,8937,10222
TAACAATATTTGTTGC-1,1,28,16,10702,7465
TAACAGCGTTTGTGCT-1,1,63,37,19538,10503
TAACATACAATGTGGG-1,1,38,70,13233,15295
TAACATACACGCGATC-1,1,55,25,17517,8764
TAACCGCCCGCAGTGC-1,1,9,49,5910,12256
TAACCTACCGTCCGAG-1,1,33,101,11975,19793
TAACGCTTTGAGAGCG-1,1,27,29,10451,9350
TAACTATCGAAGGTCC-1,1,24,34,9694,10076
TAACTATTACGCCAAA-1,1,29,107,10966,20664
TAACTCATCCGCGCGG-1,1,43,49,14492,12248
TAACTCCATGGAGGCT-1,1,19,27,8431,9062
TAAGCAGGCGACACGC-1,1,35,19,12469,7898
TAAGGAACTTGTGGGA-1,1,16,40,7676,10949
TAAGGCAACATAAGAT-1,1,25,71,9952,15443
TAAGGCTGAATCCCTC-1,1,45,97,15003,19210
TAAGGGCCTGTCCGAT-1,1,57,95,18031,18917
TAAGGGCTGGGAGAGG-1,1,34,18,12216,7753
TAAGTAACATCTTGAC-1,1,46,40,15248,10942
TAAGTCGCCGAGTATC-1,1,54,32,17266,9779
TAAGTTGCGACGTAGG-1,1,53,95,17022,18918
TAATAAACAAGGAGAT-1,1,17,91,7935,18346
TAATACACAGTAGTAT-1,1,20,64,8689,14429
TAATAGAACAGAGTTA-1,1,50,38,16257,10651
TAATAGGTCACCAGAA-1,1,61,21,19031,8182
TAATAGTGACGACCAG-1,1,27,83,10458,17183
TAATATTGAAATTCGC-1,1,17,47,7929,11964
TAATCGATCCGTACGT-1,1,25,93,9954,18634
TAATTAGGACATCCGT-1,1,42,108,14247,20806
TACAAGTCTCGTGCAT-1,1,31,27,11460,9059
TACAGAAACGGTGGGC-1,1,59,85,18535,17466
TACATAGGCATACACC-1,1,40,60,13736,13844
TACATCCCTATCCCTG-1,1,44,14,14740,7171
TACATTTCTAACGTGC-1,1,39,55,13483,13119
TACCAATAAAGTACCA-1,1,55,83,17525,17177
TACCAGAAGTAGGTTC-1,1,49,51,16006,12537
TACCAGCTAGGTTTAA-1,1,11,65,6417,14576
TACCGCGGACTTGCAG-1,1,33,97,11974,19213
TACCGGCTCACTGCCC-1,1,47,65,15503,14568
TACCGGTCGTTTCCAT-1,1,44,34,14742,10072
TACCGTAGGTTAACTA-1,1,59,57,18531,13405
TACCGTGCCTCGGACC-1,1,51,69,16514,15147
TACCTCACGCTTGTAC-1,1,16,56,7678,13269
TACCTCAGTTGTCTGT-1,1,60,50,18783,12389
TACCTGCTGCACTGTG-1,1,28,22,10702,8335
TACCTTAAGATTTCCC-1,1,49,29,16004,9345
TACGAACACGACTTCA-1,1,31,53,11464,12831
TACGACGCTTGCTGCG-1,1,46,54,15250,12972
TACGACTGCCTCTTAG-1,1,44,66,14746,14714
TACGAGAACTTCACGT-1,1,35,39,12471,10799
TACGATGTTGATCATC-1,1,35,35,12471,10219
TACGCAGTTCTTTCCT-1,1,41,51,13987,12538
TACGCCATATTCTAAT-1,1,40,58,13736,13554
TACGCCGAGGGTACCC-1,1,56,34,17771,10069
TACGCCTCCATTCCGA-1,1,55,59,17522,13696
TACGCTATAGAAACCT-1,1,34,104,12227,20228
TACGGAAGCCAAACCA-1,1,69,73,21057,15723
TACGGGATGCTAGCAG-1,1,21,83,8944,17185
TACGTACTAGTGCTGA-1,1,62,42,19286,11228
TACGTGCACTATGCTG-1,1,21,33,8937,9932
TACGTTTACCGGCAAT-1,1,40,32,13732,9783
TACTCCTCTAGTTGAC-1,1,64,36,19790,10357
TACTCGGCACGCCGGG-1,1,36,16,12721,7463
TACTCTCCGAACAAAT-1,1,21,81,8943,16895
TACTGCAATCAATTAC-1,1,22,102,9198,19941
TACTGGACAGCTCGGC-1,1,35,25,12469,8768
TACTTGTTAGTAGTCC-1,1,37,87,12982,17761
TACTTTACTGAGCCGG-1,1,30,96,11217,19068
TACTTTCCGCACGCCA-1,1,47,19,15497,7895
TAGAAAGGTGGCGCTA-1,1,31,81,11467,16892
TAGAAATTCACGTATA-1,1,36,10,12720,6592
TAGAATTAAGGGCAAC-1,1,10,76,6166,16172
TAGACGAAACGCCAAT-1,1,63,73,19543,15725
TAGACGCCCGTACCGG-1,1,32,90,11721,18198
TAGACTACCTAGCGTT-1,1,38,104,13237,20227
TAGAGATCATGCAACT-1,1,44,26,14741,8911
TAGAGGTTCTACTTGT-1,1,54,96,17274,19063
TAGAGTCTAAGCGAAC-1,1,29,55,10959,13121
TAGATATGGACTGGAA-1,1,49,53,16007,12827
TAGATCCGAAGTCGCA-1,1,10,72,6166,15592
TAGATGGTTCCTTACT-1,1,59,97,18536,19207
TAGATTCCTGGTTATT-1,1,32,20,11712,8044
TAGCAACCTGTCACAA-1,1,22,26,9189,8916
TAGCCATTTCAAAGTC-1,1,43,89,14497,18050
TAGCCGGCGGTCAGCG-1,1,33,85,11973,17472
TAGCGTCCCTCGATTG-1,1,45,109,15004,20951
TAGCGTTGGGTCTTAC-1,1,38,68,13232,15005
TAGCTAAGTCCGGGAG-1,1,29,57,10959,13412
TAGCTAGAAGGCATGA-1,1,51,51,16511,12536
TAGCTCGCCTGATAAC-1,1,50,58,16260,13552
TAGCTGATGTGAAGCG-1,1,42,10,14234,6591
TAGGCATGTTACGCCA-1,1,23,85,9449,17474
TAGGGAGCTTGGGATG-1,1,36,96,12731,19067
TAGGGTGTTTCAAGAG-1,1,22,54,9192,12978
TAGGTCCAAGTAAGGA-1,1,29,23,10955,8480
TAGGTCGCCGGAACTG-1,1,32,100,11722,19648
TAGGTGACGATAACCT-1,1,61,79,19039,16595
TAGGTGAGCCCTACTC-1,1,29,33,10956,9930
TAGGTGCTCGCCTAGC-1,1,40,86,13739,17616
TAGGTTCGAGTTCGTC-1,1,35,67,12475,14861
TAGTACCTTAGTGGTC-1,1,21,21,8935,8191
TAGTAGCTTATACCAG-1,1,61,43,19034,11373
TAGTCCGCAGAGAATG-1,1,39,53,13483,12829
TAGTCGATCACGGGTT-1,1,48,96,15760,19064
TAGTCTAACAACGAGA-1,1,40,34,13733,10073
TAGTCTGTGACGTTGC-1,1,23,103,9451,20085
TAGTGCCCTCCAGAGT-1,1,32,52,11716,12686
TAGTTAAGATAGGATA-1,1,12,82,6672,17042
TAGTTTATTCTTGCTT-1,1,13,57,6921,13415
TATAAATCCACAAGCT-1,1,20,44,8686,11528
TATAAGTGAGGATAGC-1,1,21,39,8938,10802
TATACACAGACGCCTT-1,1,50,60,16260,13842
TATACACGCAAAGTAT-1,1,18,36,8180,10368
TATAGAGTCGCTTGAA-1,1,64,46,19792,11808
TATAGATGGTCGCAGT-1,1,40,102,13742,19936
TATAGGGTACTCATGA-1,1,36,20,12721,8043
TATATAGGGCTTTACG-1,1,63,33,19538,9922
TATATATCGAGAAATG-1,1,60,28,18780,9198
TATATTCGCGTCGATA-1,1,8,62,5660,14142
TATCACCCAACCGACC-1,1,24,100,9703,19650
TATCACTTCGAGTAAC-1,1,17,99,7936,19506
TATCCATATCATGCGA-1,1,18,52,8182,12689
TATCCGCACCGTCGGG-1,1,59,53,18531,12824
TATCCTATCAACTGGT-1,1,69,59,21055,13693
TATCCTGCATGGGAAT-1,1,14,54,7173,12980
TATCGATCTATGCATA-1,1,22,88,9197,17910
TATCGATGATTAAACG-1,1,23,49,9444,12252
TATCTACAGAGGTAAT-1,1,30,24,11207,8624
TATCTACCACAGCGGG-1,1,42,60,14241,13844
TATCTAGCCTAAAGGA-1,1,34,12,12215,6883
TATCTTGCAATACAAC-1,1,56,16,17769,7458
TATGAAGACAGGTGCG-1,1,29,21,10955,8190
TATGATCTTCTCTTTA-1,1,58,90,18283,18192
TATGCTCCCTACTTAC-1,1,25,61,9950,13993
TATGGATGTGCTACGC-1,1,26,54,10202,12977
TATGGCCCGGCCTCGC-1,1,30,30,11208,9495
TATGGGACCGAGCAGG-1,1,36,56,12726,13265
TATGGGTACGTATCGT-1,1,32,58,11717,13556
TATGGTCTGAGTAACA-1,1,36,58,12726,13555
TATGGTTAGTGGGAGA-1,1,41,105,13994,20371
TATGTAAAGTGCTTAA-1,1,66,44,20296,11517
TATGTCAAGACCGACT-1,1,20,92,8692,18490
TATGTCTCATTGTGCC-1,1,30,82,11215,17038
TATTATGTTTGCCTGC-1,1,57,17,18021,7603
TATTCAATTCTAATCC-1,1,34,74,12224,15876
TATTCCACTCAGCTCG-1,1,49,57,16007,13407
TATTCCTCCGCCCACT-1,1,48,32,15752,9781
TATTCGTGCCAGAATA-1,1,34,64,12222,14426
TATTTAGTCTAGATCG-1,1,18,58,8183,13559
TATTTATACCGAGTAG-1,1,16,78,7681,16461
TATTTGTTACCCTTTA-1,1,24,46,9696,11817
TCAAACAACCGCGTCG-1,1,24,60,9698,13848
TCAAACTTAGATTGTT-1,1,31,65,11465,14571
TCAACAAAGATAATTC-1,1,53,29,17013,9345
TCAACACATTGGGTAA-1,1,11,35,6413,10224
TCAACATAGCGCCCTA-1,1,58,44,18277,11519
TCAACCATGTTCGGGC-1,1,25,51,9949,12542
TCAACGCAGGAAATAA-1,1,49,31,16004,9636
TCAACGCGACCGGCAG-1,1,39,23,13479,8477
TCAACTAACGTATAAC-1,1,31,19,11459,7899
TCAAGAAATACTAGCT-1,1,34,108,12228,20808
TCAAGGTTACTACACC-1,1,47,103,15508,20080
TCAATACGCCGTCATG-1,1,63,61,19541,13984
TCACAAACCGAGGTAC-1,1,61,95,19041,18916
TCACAGCAAACTCGAA-1,1,51,49,16511,12246
TCACAGGGAATCGCAA-1,1,47,79,15505,16599
TCACAGGTTATTGGGC-1,1,32,48,11715,12105
TCACATCTTATCTGAT-1,1,28,20,10702,8045
TCACCCTCTTAAGATT-1,1,45,59,14998,13698
TCACCGCTCGGCACTC-1,1,30,92,11216,18488
TCACGATGTCCGTGGA-1,1,52,28,16761,9200
TCACGCATTGTAGATC-1,1,33,49,11968,12250
TCACGGTCATCGCACA-1,1,23,45,9443,11672
TCACGTGCCCGATTCA-1,1,38,62,13232,14135
TCACTCGTGCAACGGC-1,1,15,93,7431,18637
TCAGAACCTCCACAGG-1,1,30,106,11218,20519
TCAGACGCTATAGAAG-1,1,48,72,15757,15583
TCAGCAAATGCATCTC-1,1,31,73,11466,15732
TCAGCAGTAGGCCCTG-1,1,61,41,19034,11083
TCAGGGTGTAACGTAA-1,1,28,72,10709,15588
TCAGGTTCTTTGAGAA-1,1,30,42,11210,11235
TCAGTACTGACCCGCG-1,1,26,34,10199,10076
TCAGTAGGGACTATAA-1,1,46,48,15249,12102
TCAGTGTATACGTCAT-1,1,58,36,18276,10359
TCATACTTACAGATCC-1,1,22,24,9188,8626
TCATATGAGCTTTGTT-1,1,64,62,19794,14129
TCATCACTCGAGCTCG-1,1,17,29,7927,9353
TCATCCCAGAGGGTGG-1,1,12,70,6670,15301
TCATCGATGGTCCCAA-1,1,57,29,18023,9344
TCATGCAGGTTCTCAT-1,1,18,84,8187,17330
TCCAACTTTAAATTCT-1,1,40,40,13733,10943
TCCAAGCCTAGACACA-1,1,67,79,20553,16594
TCCACAATGGTTTACG-1,1,30,36,11209,10365
TCCACATCGTATATTG-1,1,69,67,21056,14853
TCCACCTCTAGCCTTT-1,1,61,53,19035,12824
TCCACTTTATCTAGGT-1,1,31,79,11467,16602
TCCAGAGCACCGGTTC-1,1,40,70,13737,15295
TCCAGGCGAGTACGGT-1,1,31,57,11464,13411
TCCCAAAGACGAAGGA-1,1,26,60,10203,13847
TCCCACTCTCTTCCGG-1,1,31,107,11471,20664
TCCCAGCTTTAGTCTG-1,1,34,56,12221,13265
TCCCAGGCTTAGCTAA-1,1,30,48,11211,12106
TCCCGCGTACTCCTGG-1,1,27,69,10456,15153
TCCCGGGTGTGCTGCT-1,1,34,34,12218,10074
TCCCGTCAGTCCCGCA-1,1,23,75,9447,16024
TCCCGTGTGCAATTTG-1,1,44,80,14748,16744
TCCCTGGCGTATTAAC-1,1,58,18,18274,7748
TCCCTGGCTCGCTGGA-1,1,33,27,11965,9059
TCCCTTAGATTACTCG-1,1,18,86,8187,17621
TCCGAACTTGGCTTAC-1,1,33,19,11964,7899
TCCGAATGGTCCTGAG-1,1,31,113,11471,21534
TCCGATAATTGCCATA-1,1,18,64,8184,14429
TCCGATGACTGAGCTC-1,1,22,76,9195,16169
TCCGATGGTGCGACAT-1,1,25,53,9949,12832
TCCGATTACATTGCCG-1,1,32,32,11713,9784
TCCGCGGCAGCATCTG-1,1,34,84,12225,17327
TCCGCTGTCATCCCGG-1,1,47,81,15506,16889
TCCGCTTATCCCATTA-1,1,50,64,16260,14422
TCCGGCCTAGCGTACA-1,1,28,98,10712,19359
TCCGGTTCGTCCGGTC-1,1,51,53,16511,12826
TCCGTTAAGCTAATAT-1,1,52,100,16770,19644
TCCGTTTAGCCTTGAA-1,1,29,89,10964,18053
TCCTAAATTGGGAAGC-1,1,56,70,17776,15291
TCCTAACCGTCGGGCA-1,1,62,46,19287,11808
TCCTACATCCACGGCC-1,1,46,84,15254,17324
TCCTAGCAAAGAAGCT-1,1,41,41,13986,11088
TCCTCGGGCTGGGCTT-1,1,40,76,13738,16165
TCCTCTACGAGATGGC-1,1,26,32,10199,9786
TCCTCTCCAGTTGTCC-1,1,30,20,11207,8044
TCCTGCCAACTGGAGA-1,1,12,90,6673,18202
TCCTGCGTTGATACTC-1,1,38,30,13227,9493
TCCTTACGACGGTCCG-1,1,49,95,16012,18919
TCCTTCAGTGGTCGAA-1,1,15,69,7427,15155
TCCTTGTCCTTTAATT-1,1,69,69,21057,15143
TCCTTTAAATCCGCTT-1,1,56,92,17779,18482
TCCTTTCTTACGCTTA-1,1,30,62,11212,14137
TCGAAATTTAGGACCA-1,1,29,45,10958,11671
TCGAAGAACCGAGCAC-1,1,45,99,15003,19500
TCGAATATCCCGCAGG-1,1,58,32,18275,9779
TCGAGACCAACACCGT-1,1,37,55,12978,13120
TCGAGCCAGGCAGGCC-1,1,57,37,18024,10504
TCGATAGGCTAGTCGC-1,1,8,48,5658,12111
TCGCAAAGATGCATTT-1,1,47,75,15505,16018
TCGCACCAGGAGGCAG-1,1,50,80,16263,16743
TCGCATCCCTAAGTGT-1,1,15,31,7422,9643
TCGCCGAAGTTGCGTC-1,1,45,37,14995,10507
TCGCCGACATATTCGC-1,1,66,86,20302,17610
TCGCCGGTCGATCCGT-1,1,19,61,8436,13994
TCGCGTAGCAGTGTCC-1,1,57,99,18032,19497
TCGCGTCCAGAAGGTC-1,1,31,29,11460,9350
TCGCTAAACCGCTATC-1,1,19,89,8440,18055
TCGCTACTGGCTTTGA-1,1,65,73,20048,15724
TCGCTCGATATATTCC-1,1,29,63,10960,14282
TCGCTCGGCACCAGCG-1,1,24,108,9704,20810
TCGCTGCCAATGCTGT-1,1,68,80,20806,16739
TCGCTGGGCGGATTGT-1,1,28,74,10709,15878
TCGCTGTGCGTAAATC-1,1,17,41,7929,11093
TCGCTTTAAACGTTTG-1,1,25,87,9954,17764
TCGGAATGCGCTCTGA-1,1,30,28,11208,9205
TCGGACGCCCAGCCCA-1,1,33,79,11972,16602
TCGGAGAGTATCGGGA-1,1,45,23,14993,8476
TCGGAGTACATGAGTA-1,1,32,74,11719,15877
TCGGCGAACCCAAACC-1,1,49,105,16013,20370
TCGGCGTACTGCACAA-1,1,49,13,16001,7025
TCGGCTTGTATCGACG-1,1,58,96,18284,19062
TCGGGAACGTGCCTAG-1,1,31,109,11471,20954
TCGGGAGACAGCGTAC-1,1,59,71,18533,15435
TCGGGATTCAAACATA-1,1,39,15,13478,7317
TCGGGCCGTCGTGGTA-1,1,40,88,13740,17906
TCGGGTGAAACTGCTA-1,1,10,56,6164,13271
TCGGTCCCGACAATAG-1,1,57,23,18022,8473
TCGTAAGACGACATTG-1,1,27,77,10457,16313
TCGTACCGACGTCAAG-1,1,68,56,20803,13258
TCGTATAGTGCAATTA-1,1,12,56,6668,13270
TCGTATTACCCATTGC-1,1,37,25,12974,8768
TCGTCAAGTACGCGCA-1,1,56,38,17771,10649
TCGTCCGCTGGCGTCT-1,1,22,40,9190,10947
TCGTCTTAGGCGTTAA-1,1,53,83,17020,17177
TCGTGTACTATGGATG-1,1,47,77,15505,16308
TCGTGTCACGCTGACA-1,1,43,23,14488,8476
TCGTTAGGAGTCCCTA-1,1,52,54,16764,12971
TCGTTCGTTATTATGT-1,1,10,62,6164,14141
TCGTTGCTATCCGGTC-1,1,54,46,17268,11810
TCTAATACTGCCTCAG-1,1,57,25,18022,8763
TCTACCGTCCACAAGC-1,1,27,67,10456,14862
TCTAGCAATCTCCGCC-1,1,46,30,15246,9491
TCTAGCATCTTCGATG-1,1,23,43,9443,11382
TCTAGCATGCCCAGAA-1,1,48,66,15756,14713
TCTAGGTGGCGACGCT-1,1,29,99,10965,19504
TCTAGTGATATCGTGG-1,1,44,98,14751,19355
TCTATCATGCAGTTAC-1,1,18,40,8181,10948
TCTATCGGTCGCAACA-1,1,22,64,9193,14428
TCTATTACGCTGGCGA-1,1,14,34,7170,10079
TCTATTACTAGAGGAT-1,1,41,15,13983,7317
TCTCATGAGATAGGGT-1,1,49,87,16011,17759
TCTCCACAAGTTGAAT-1,1,61,93,19041,18626
TCTCGACGTATCGCCG-1,1,45,113,15005,21531
TCTCTAATAGCTGGTA-1,1,20,52,8687,12688
TCTCTTACCGCGAACC-1,1,65,43,20044,11373
TCTGAACCGGTCGGCT-1,1,21,37,8938,10512
TCTGAACTCGTACCCG-1,1,47,95,15507,18919
TCTGAATTCCGTACAA-1,1,34,94,12226,18777
TCTGCCAGAAACTGCA-1,1,41,79,13991,16600
TCTGGGTAGCGCTCAT-1,1,40,36,13733,10363
TCTGTCATACAAGAGC-1,1,10,44,6162,11530
TCTGTGCCATCATAGT-1,1,32,80,11720,16747
TCTGTTACCCAGCATA-1,1,51,35,16509,10215
TCTTACAGAGGTACCG-1,1,15,45,7424,11674
TCTTACCGGAACTCGT-1,1,21,91,8945,18345
TCTTACGGCATCCGAC-1,1,25,29,9946,9351
TCTTACTTATGCCTCT-1,1,45,93,15002,18630
TCTTAGAGCTCCAATT-1,1,40,108,13742,20807
TCTTAGAGTGAACTCT-1,1,43,99,14498,19501
TCTTCCCATGGGCACA-1,1,32,96,11722,19068
TCTTCGAATAGACGTT-1,1,39,71,13485,15440
TCTTCGATACCAATAA-1,1,32,66,11718,14716
TCTTCTATAACCCGCC-1,1,45,107,15004,20661
TCTTGATGCGTAGCGA-1,1,32,68,11718,15006
TCTTGCTCCCGATACT-1,1,65,67,20047,14854
TCTTGGTAACACCAAA-1,1,21,65,8941,14574
TGAAACTTATGCAAGC-1,1,11,73,6418,15736
TGAAAGGACCTGACTC-1,1,35,83,12477,17182
TGAACAAGCAGGGACT-1,1,66,36,20295,10357
TGAATACCGACGCGTA-1,1,66,82,20301,17029
TGAATGTCAGCCGGCC-1,1,47,109,15509,20950
TGACATCGAGCGGACC-1,1,35,101,12479,19793
TGACATGTAACGTGAC-1,1,69,63,21056,14273
TGACCAAATCTTAAAC-1,1,66,62,20299,14128
TGACCCACGTTAGACA-1,1,33,47,11968,11960
TGACGAATATTTCCCT-1,1,44,22,14741,8331
TGACGATGCACTAGAA-1,1,37,95,12983,18922
TGACTATAATCCTTTC-1,1,46,68,15251,15003
TGAGAATGCTTTACCG-1,1,18,54,8183,12979
TGAGAGATTTACCACG-1,1,41,91,13992,18341
TGAGATCAAATACTCA-1,1,7,63,5407,14287
TGAGATTAGGCCCTAA-1,1,16,94,7683,18781
TGAGCCATACAGTCTC-1,1,42,38,14238,10653
TGAGCGGAAAGTGTTC-1,1,55,65,17523,14566
TGAGTAAATTAGCGTA-1,1,47,57,15502,13407
TGAGTGCCTCTTAAAT-1,1,45,41,14996,11087
TGAGTGGTCCGTGACG-1,1,30,84,11215,17328
TGAGTTAAAGACATTC-1,1,48,112,15762,21385
TGATAGCGGGATTCTA-1,1,28,12,10701,6884
TGATCAGGGAACTGCT-1,1,42,24,14236,8622
TGATCCCAGCATTAGT-1,1,27,107,10461,20665
TGATCGGTTTGACCCT-1,1,28,54,10707,12977
TGATCTACGCTGATCT-1,1,16,100,7684,19652
TGATCTCCGGCGCCAG-1,1,28,50,10706,12396
TGATTCCCGGTTACCT-1,1,64,50,19792,12388
TGATTCGTCTATCACT-1,1,31,41,11462,11090
TGATTCTGTCGCCGGT-1,1,48,44,15753,11521
TGATTTATTAGCTGTG-1,1,38,34,13228,10073
TGATTTCCTCCTGACG-1,1,16,34,7675,10078
TGCAACCCATCTGCGG-1,1,60,90,18788,18191
TGCAAGAATGACGTAA-1,1,30,60,11212,13846
TGCAATCTAACACGGT-1,1,62,90,19293,18191
TGCAGAACTATATCGT-1,1,42,22,14236,8332
TGCAGAGTACCGAGCA-1,1,38,46,13229,11814
TGCAGATCGTCCTAGG-1,1,42,18,14235,7751
TGCAGCTACGTACTTC-1,1,42,16,14235,7461
TGCAGGATCGGCAAAG-1,1,24,74,9700,15879
TGCAGTTTCCTCCCAT-1,1,40,90,13740,18196
TGCATATGTCTGTCAC-1,1,35,85,12477,17472
TGCATGGATCGGATCT-1,1,19,67,8437,14864
TGCATGTGACCCATAG-1,1,68,38,20800,10647
TGCATGTGGTAATCTA-1,1,29,81,10962,16893
TGCCAAAGTCAGACTT-1,1,43,19,14488,7896
TGCCAATGGGTACTCT-1,1,54,52,17269,12681
TGCCACCTGGCGAAAC-1,1,20,76,8690,16170
TGCCAGTACGTGGAGA-1,1,51,71,16514,15437
TGCCATTACTAAAGAA-1,1,21,87,8944,17765
TGCCCGTACCGTTAAA-1,1,45,75,15000,16019
TGCCGGATGTACGAGC-1,1,62,34,19285,10068
TGCCTAATTGAAGATT-1,1,55,105,17528,20368
TGCCTGATCAAACGAT-1,1,20,70,8689,15299
TGCCTTGGCCAGGCAA-1,1,52,82,16768,17033
TGCGAATATGGGATTT-1,1,45,13,14992,7025
TGCGACACCCTAGTGC-1,1,46,46,15249,11812
TGCGACGGCCGAACGT-1,1,60,32,18780,9778
TGCGAGAATATTACCC-1,1,50,40,16257,10941
TGCGCAAAGCATTTGG-1,1,31,67,11465,14862
TGCGCGATTAACGGAG-1,1,27,41,10452,11091
TGCGGACTTGACTCCG-1,1,68,76,20805,16159
TGCGGAGTAAAGGTGC-1,1,22,70,9194,15299
TGCGGCATAGTTCAAC-1,1,12,54,6668,12980
TGCGGTGAAATTTCAT-1,1,12,66,6670,14721
TGCGTAAGAACCTGAT-1,1,43,43,14491,11378
TGCGTCATGACTGAGC-1,1,53,21,17012,8184
TGCGTTTGTTGACACT-1,1,42,76,14243,16165
TGCTAAGTGTCTATTT-1,1,52,90,16769,18193
TGCTCCACAGTTCTTA-1,1,45,95,15003,18920
TGCTCGGTGGGTCACC-1,1,66,72,20300,15579
TGCTCTTGAGAGTTTG-1,1,64,70,19795,15289
TGCTGGTTGGACAATT-1,1,21,41,8938,11092
TGCTGTTGAAGAACTC-1,1,38,66,13232,14715
TGCTTAGAGAGAATGC-1,1,62,26,19284,8907
TGCTTCCCAAGCAGTA-1,1,62,66,19289,14709
TGGAACCACTGACACA-1,1,24,102,9703,19940
TGGAAGAAGGGAACGT-1,1,39,35,13480,10218
TGGAAGACGAACACCA-1,1,14,46,7172,11819
TGGAAGGATAAAGATG-1,1,20,68,8689,15009
TGGAATATCCTTGACC-1,1,23,107,9451,20666
TGGACCAATCTAAGAT-1,1,62,80,19291,16740
TGGACGCAATCCAGCC-1,1,58,20,18274,8038
TGGACTGTTCGCTCAA-1,1,37,73,12981,15731
TGGAGTGATGCGATGA-1,1,29,41,10957,11091
TGGCAAACTAAATTAC-1,1,50,78,16262,16453
TGGCAACTCGCGCGCC-1,1,22,86,9196,17620
TGGCAATGGGACGGCG-1,1,54,106,17276,20513
TGGCAGATTACGATCA-1,1,44,58,14745,13553
TGGCAGCAGTAATAGT-1,1,39,61,13484,13989
TGGCCAAACTGAAGTA-1,1,28,76,10709,16168
TGGCCAATTTGGTACT-1,1,49,11,16001,6734
TGGCCGTATATTGACC-1,1,26,38,10200,10656
TGGCGATCAAGTTATG-1,1,51,55,16512,13116
TGGCTATGTGACATAC-1,1,60,82,18787,17031
TGGCTCTTGTCGCGTA-1,1,42,12,14235,6881
TGGCTTTGGGTAGACA-1,1,19,51,8435,12543
TGGGAAATGCCTTTCC-1,1,23,27,9441,9061
TGGGCAATAGTTGGGT-1,1,46,108,15257,20805
TGGGCACAAACAGAAC-1,1,8,46,5658,11821
TGGGCACGTTCTATGG-1,1,15,73,7428,15736
TGGGCCACAAGAGCGC-1,1,18,72,8185,15590
TGGGCCCATACTAATT-1,1,47,89,15507,18049
TGGGCGATACAATAAG-1,1,68,62,20803,14128
TGGGTAAGGTTCCCGC-1,1,13,79,6924,16606
TGGTAAGCAGGATTGA-1,1,41,11,13982,6736
TGGTAGAATATATGGG-1,1,48,100,15760,19644
TGGTATCGCATCCCAA-1,1,8,68,5660,15012
TGGTATCGGTCTGTAT-1,1,7,59,5407,13707
TGGTCCCACGCTACGG-1,1,52,74,16767,15872
TGGTCTGTTGGGCGTA-1,1,37,29,12975,9348
TGGTGATCGTATTTGT-1,1,26,16,10197,7465
TGGTTCAACGGGTAAT-1,1,50,74,16262,15873
TGGTTCGTAGCAAAGG-1,1,23,55,9445,13123
TGTAATGACCACAATA-1,1,36,14,12720,7173
TGTACCTACACGAGGG-1,1,59,91,18536,18336
TGTACGAACAAATCCG-1,1,38,58,13231,13555
TGTAGGAGAAATTTCC-1,1,34,86,12225,17617
TGTAGTGATCTATAAT-1,1,35,33,12471,9929
TGTATAACAGATCCTG-1,1,29,79,10962,16603
TGTATCCTTATTCCAT-1,1,10,50,6163,12400
TGTATGGCGCAGACAG-1,1,43,93,14498,18630
TGTCCCGACATAGCAC-1,1,11,57,6416,13416
TGTCCGTGGCGCCTTT-1,1,30,18,11207,7754
TGTCCTAAGTCACCGC-1,1,34,30,12218,9494
TGTCTACAGTTTCTGT-1,1,11,53,6416,12835
TGTGACTACGCCAGTC-1,1,21,73,8942,15734
TGTGCCGGTGCCGGAA-1,1,53,97,17022,19208
TGTGCTTTACGTAAGA-1,1,36,18,12721,7753
TGTGGCAAAGCGTATG-1,1,29,87,10963,17763
TGTGGCGGGCTTCTGG-1,1,65,59,20046,13693
TGTGGTTGCTAAAGCT-1,1,65,49,20044,12243
TGTGTCGCGAGTTGCA-1,1,24,36,9695,10367
TGTGTTCGTATCCAAG-1,1,31,21,11459,8189
TGTTATTGTATGTGGC-1,1,44,86,14749,17615
TGTTCCGCTTCCATGA-1,1,36,44,12724,11524
TGTTCGTATTGCGGTG-1,1,49,61,16008,13987
TGTTCTTCCATTGACT-1,1,33,43,11967,11380
TGTTGTCAAGAAGTCT-1,1,24,82,9701,17039
TGTTTAATACTTCATC-1,1,9,77,5914,16317
TGTTTCGGTACTTCTC-1,1,18,56,8183,13269
TTAAACCTGGTTCCTT-1,1,26,12,10196,6885
TTAAACTCGAATTCAT-1,1,31,95,11469,18923
TTAACACCTCGAACAT-1,1,24,22,9693,8336
TTAACCAACCCTCCCT-1,1,19,55,8435,13124
TTAACGTCGCAAGACC-1,1,10,54,6163,12981
TTAACTTCAGGTAGGA-1,1,46,26,15246,8911
TTAAGATAGGATTGAC-1,1,43,101,14499,19791
TTAAGCCGACAACTTC-1,1,13,77,6924,16316
TTAAGCGCCTGACCCA-1,1,30,44,11210,11526
TTAAGGCCCGTACTTT-1,1,59,25,18527,8763
TTAATGTAGACCAGGT-1,1,30,68,11213,15007
TTAATTGCTTTGGGTG-1,1,62,76,19291,16160
TTAATTTCAGACGCGG-1,1,17,69,7932,15155
TTACAACTACGCATCC-1,1,24,52,9697,12687
TTACAGACCTAAATGA-1,1,26,96,10207,19069
TTACATCGTGGCCTGG-1,1,20,36,8685,10367
TTACATGCCACAACTA-1,1,41,103,13994,20081
TTACCATTGATTACCC-1,1,34,28,12217,9204
TTACCCATTGCCGGGT-1,1,17,85,7934,17476
TTACCCTAACAGTCCT-1,1,24,24,9693,8626
TTACCCTAGGGATTGG-1,1,60,58,18784,13549
TTACTAAAGGACTTTA-1,1,48,78,15758,16453
TTACTATCGGCTTCTC-1,1,34,16,12216,7463
TTACTCCGGCCGGGAA-1,1,34,78,12224,16456
TTACTCTGGTACGTAC-1,1,43,31,14489,9637
TTACTGGGATATTTCA-1,1,44,54,14745,12973
TTAGAAGAACATGACT-1,1,52,64,16765,14422
TTAGAATAAGGGTCGG-1,1,61,45,19034,11664
TTAGACACGATCGTTG-1,1,16,86,7682,17621
TTAGACGAGTCACCTC-1,1,48,80,15758,16743
TTAGAGTTTAGAAGGA-1,1,46,86,15254,17614
TTAGCAACATGGATGT-1,1,20,28,8684,9207
TTAGCTAATACGATCT-1,1,22,98,9198,19360
TTAGCTCTGTAATCCG-1,1,31,15,11459,7319
TTAGCTGATTTGCCGT-1,1,38,94,13236,18776
TTAGGTCATAACCGAC-1,1,58,38,18276,10649
TTAGTAAACCTGCTCT-1,1,62,94,19293,18771
TTAGTAGGGCGGCGGG-1,1,34,26,12217,8914
TTAGTTATTCGTGGCA-1,1,47,91,15507,18339
TTATAGGTAATTGTCT-1,1,61,73,19038,15725
TTATATACGCTGTCAC-1,1,38,74,13233,15875
TTATATTTGGCAATCC-1,1,26,64,10203,14428
TTATCCAATCGAACTC-1,1,13,33,6918,9934
TTATCCGGGATCTATA-1,1,51,87,16516,17758
TTATCCTCAAGGAATA-1,1,52,18,16759,7749
TTATCGCCTGCGAAGC-1,1,27,17,10449,7610
TTATCTGTATCATAAC-1,1,22,60,9193,13848
TTATGAATGAAAGGGA-1,1,41,63,13989,14279
TTATGACAAACTGGAT-1,1,27,35,10452,10221
TTATGATCTTAACGAA-1,1,38,82,13234,17036
TTATTAGAGCGTGTTC-1,1,46,70,15252,15293
TTATTAGGGAAGCATC-1,1,15,59,7426,13705
TTCAAAGTCTCTAGCC-1,1,35,75,12476,16021
TTCAACGACCCGACCG-1,1,20,48,8687,12108
TTCAAGCCGAGCTGAG-1,1,13,75,6923,16026
TTCAATACTCTGAATC-1,1,38,86,13235,17616
TTCACTCGAGCACCTA-1,1,55,69,17523,15146
TTCACTTCCTAGAACG-1,1,67,51,20549,12533
TTCAGCCCTGGTCCAC-1,1,47,85,15506,17469
TTCAGCTGGCGTGCCC-1,1,55,95,17527,18918
TTCAGGCGTCAAAGCC-1,1,40,16,13730,7462
TTCATGGCGCAACAGG-1,1,19,75,8438,16025
TTCCAATCAGAGCTAG-1,1,23,95,9450,18925
TTCCAATCTGGCTATC-1,1,48,46,15753,11812
TTCCACACAGATTTGA-1,1,50,46,16258,11811
TTCCAGACGAGATTTA-1,1,39,111,13490,21242
TTCCCGGCGCCAATAG-1,1,46,12,15244,6880
TTCCGCAGAGAAATAT-1,1,21,101,8946,19796
TTCCGCGTGAGGCGAT-1,1,46,64,15251,14423
TTCCGGCCTTGAGGCT-1,1,54,44,17267,11520
TTCCGGTATCTGTGTC-1,1,41,115,13996,21822
TTCCGGTTACCCACTT-1,1,45,87,15002,17759
TTCCTCGAGGGTGTCT-1,1,21,49,8939,12253
TTCCTCGGACTAACCA-1,1,50,86,16263,17613
TTCCTCTGCCCGAATA-1,1,35,15,12468,7318
TTCGACAGAGCCCGTG-1,1,52,68,16766,15002
TTCGACGGGAAGGGCG-1,1,24,44,9696,11527
TTCGCACTCGCGTGCT-1,1,25,45,9948,11672
TTCGCACTGTACGACA-1,1,61,59,19036,13694
TTCGCGCGCCATACGA-1,1,59,47,18530,11954
TTCGCTATCTGACGTG-1,1,20,100,8693,19651
TTCGGCAACCCGCTGA-1,1,16,88,7682,17911
TTCGGCTAGAGATGGT-1,1,18,24,8179,8627
TTCGGGACTAATCGCG-1,1,36,72,12728,15586
TTCGGGCGCTAGTCTT-1,1,55,37,17519,10505
TTCGGTACTGTAGAGG-1,1,67,63,20551,14273
TTCGTAATCCCAGCGG-1,1,12,86,6672,17622
TTCGTACTCCAGAACG-1,1,29,29,10956,9350
TTCGTTCAACGAAGTT-1,1,23,105,9451,20375
TTCTAACCGAAGCTTA-1,1,34,90,12226,18197
TTCTACTTGCGAGGGC-1,1,22,32,9189,9787
TTCTAGAAAGTCTTAT-1,1,60,46,18782,11809
TTCTAGGCCAATTGTG-1,1,22,44,9191,11527
TTCTGCCGCGCCTAGA-1,1,49,69,16009,15148
TTCTGCGAGCGCCCTT-1,1,33,17,11964,7608
TTCTGCGGGTTAGCGG-1,1,40,80,13739,16745
TTCTGCTAGACTCCAA-1,1,28,106,10713,20519
TTCTTAGTGAACGGTG-1,1,18,34,8180,10078
TTCTTAGTGGCTCAGA-1,1,17,61,7931,13994
TTCTTGAGCCGCGCTA-1,1,47,41,15500,11087
TTCTTGGACGATCTGC-1,1,52,32,16761,9780
TTCTTGGAGTAATGAG-1,1,21,79,8943,16605
TTCTTGTAACCTAATG-1,1,23,35,9442,10222
TTCTTTGGTCGCGACG-1,1,24,104,9703,20230
TTGAACGAATCCTTTG-1,1,19,21,8431,8192
TTGAACGACGTGCTGA-1,1,60,88,18788,17901
TTGAAGAATTCCCAGG-1,1,32,50,11716,12395
TTGAATATGGACTTTC-1,1,34,76,12224,16166
TTGAATCGTTGTATAA-1,1,48,10,15749,6590
TTGACAGGAGCTCCCG-1,1,47,99,15508,19500
TTGACATGAACGTGGA-1,1,44,32,14742,9782
TTGACCAGGAACAACT-1,1,64,80,19796,16740
TTGACCATGTTCTCCG-1,1,24,78,9700,16459
TTGACCGTGTTAATGA-1,1,50,34,16257,10070
TTGACGATTCAGCACG-1,1,9,51,5911,12546
TTGACGCTCCATGAGC-1,1,41,101,13994,19791
TTGACTACCATATGGT-1,1,43,41,14491,11087
TTGACTATTGTCCGGC-1,1,46,104,15256,20225
TTGAGAGTACTGCTAA-1,1,44,38,14743,10652
TTGATCTAACTTTGTC-1,1,29,47,10958,11961
TTGATGTGTAGTCCCG-1,1,24,90,9702,18199
TTGATTAGCTGTTTCT-1,1,48,34,15752,10071
TTGATTATGCAGATGA-1,1,27,33,10451,9931
TTGCACAATTCAGAAA-1,1,43,57,14493,13408
TTGCACGGAGCAGCAC-1,1,21,59,8940,13703
TTGCATGCTGATCACG-1,1,41,35,13985,10218
TTGCCAAGCAGAACCC-1,1,44,114,14753,21676
TTGCCATAGCCCGCTC-1,1,54,24,17265,8619
TTGCCCTGATCACGGG-1,1,36,34,12723,10074
TTGCCGCTTTCTAGTA-1,1,62,78,19291,16450
TTGCGGCATCAGAAAG-1,1,53,45,17015,11665
TTGCGTCGGCCAACCG-1,1,51,41,16510,11086
TTGCGTGAACGCTTAG-1,1,14,96,7179,19072
TTGCTCCCATACCGGA-1,1,22,72,9195,15589
TTGCTGAAGGAACCAC-1,1,19,57,8435,13414
TTGCTGATCATGTTCG-1,1,33,57,11969,13411
TTGGAAGAATACAGTC-1,1,50,24,16255,8620
TTGGACATGTGGCTTA-1,1,41,29,13984,9347
TTGGACCATCTGGCAA-1,1,51,105,16518,20369
TTGGACCTATAACAGT-1,1,56,86,17778,17612
TTGGAGTCTCCCTTCT-1,1,8,44,5657,11531
TTGGATATCGTCTACG-1,1,48,52,15754,12682
TTGGATCGACTTCTGG-1,1,10,60,6164,13851
TTGGATTGGGTACCAC-1,1,17,55,7930,13124
TTGGCCTAGAATTTCG-1,1,16,82,7681,17041
TTGGCTCGCATGAGAC-1,1,23,37,9442,10512
TTGGGAAGACGAGCCG-1,1,68,64,20804,14418
TTGGGACACTGCCCGC-1,1,28,70,10709,15297
TTGGGACGTAAGAGTT-1,1,51,109,16519,20949
TTGGGCGGCGGTTGCC-1,1,30,76,11214,16167
TTGGTCACACTCGTAA-1,1,48,48,15754,12102
TTGGTTGCGGTGCGCG-1,1,53,23,17012,8474
TTGTAAGGACCTAAGT-1,1,46,32,15247,9781
TTGTAAGGCCAGTTGG-1,1,27,81,10458,16893
TTGTAATCCGTACTCG-1,1,35,55,12473,13120
TTGTATCACACAGAAT-1,1,12,74,6671,15881
TTGTCGTTCAGTTACC-1,1,22,58,9193,13558
TTGTGAACCTAATCCG-1,1,56,90,17778,18192
TTGTGAGGCATGACGC-1,1,43,13,14487,7026
TTGTGCAGCCACGTCA-1,1,60,74,18786,15870
TTGTGGCCCTGACAGT-1,1,18,60,8183,13849
TTGTGGTAGGAGGGAT-1,1,50,28,16256,9200
TTGTGTATGCCACCAA-1,1,56,60,17774,13841
TTGTGTTTCCCGAAAG-1,1,51,59,16512,13697
TTGTTAGCAAATTCGA-1,1,22,42,9191,11237
TTGTTCAGTGTGCTAC-1,1,24,64,9698,14428
TTGTTGTGTGTCAAGA-1,1,31,77,11467,16312
TTGTTTCACATCCAGG-1,1,58,42,18277,11229
TTGTTTCATTAGTCTA-1,1,60,30,18780,9488
TTGTTTCCATACAACT-1,1,45,27,14994,9056
